Time,Anomaly (deg C),Lower confidence limit (2.5%),Upper confidence limit (97.5%)
1850-01,-0.9006187,-1.3157626,-0.48547474
1850-02,-0.15071486,-0.7109823,0.40955263
1850-03,-0.50326127,-1.0339669,0.027444389
1850-04,-0.67327887,-1.05942,-0.2871378
1850-05,-0.60724604,-0.9120995,-0.3023927
1850-06,-0.19347593,-0.43304595,0.046094097
1850-07,-0.061502025,-0.27363744,0.1506334
1850-08,0.015616962,-0.20255424,0.23378816
1850-09,-0.31790617,-0.51458853,-0.12122381
1850-10,-0.7515545,-1.0042031,-0.49890593
1850-11,-0.5644277,-0.9177336,-0.2111218
1850-12,-0.5211238,-0.95184433,-0.09040339
1851-01,-0.044900708,-0.47782275,0.38802132
1851-02,-0.50167,-1.0270929,0.023752997
1851-03,-1.0070971,-1.4666023,-0.5475921
1851-04,-0.6889065,-1.0393684,-0.33844468
1851-05,-0.111604765,-0.42022493,0.1970154
1851-06,0.052468386,-0.19153224,0.296469
1851-07,-0.053910352,-0.27481246,0.16699176
1851-08,-0.0062075043,-0.22572353,0.21330853
1851-09,0.08826249,-0.1617215,0.33824646
1851-10,0.05810798,-0.20520185,0.3214178
1851-11,-0.20954458,-0.5516778,0.13258864
1851-12,-0.20598541,-0.6434649,0.23149411
1852-01,-0.3527414,-0.7845747,0.079091884
1852-02,-0.48287162,-0.9803757,0.0146324765
1852-03,-0.6762869,-1.1465037,-0.20607014
1852-04,-0.71890914,-1.047507,-0.3903112
1852-05,-0.028678063,-0.3296217,0.27226555
1852-06,-0.02144388,-0.25914785,0.2162601
1852-07,-0.011929803,-0.23175816,0.20789856
1852-08,-0.05565623,-0.2983988,0.18708634
1852-09,-0.02047585,-0.24284929,0.20189758
1852-10,-0.06976813,-0.33569223,0.19615595
1852-11,-0.57795095,-0.94428563,-0.21161628
1852-12,0.18828736,-0.2651009,0.64167565
1853-01,-0.04770193,-0.45770353,0.36229968
1853-02,-0.42018542,-0.89235723,0.05198642
1853-03,-0.5052254,-0.95961106,-0.050839797
1853-04,-0.45581898,-0.83266795,-0.078970015
1853-05,-0.1632042,-0.46980825,0.14339986
1853-06,0.023884673,-0.22391354,0.2716829
1853-07,0.067338325,-0.16810787,0.3027845
1853-08,0.09737421,-0.11239214,0.30714056
1853-09,-0.19538143,-0.41741136,0.026648503
1853-10,-0.3821505,-0.6463948,-0.11790625
1853-11,-0.6015902,-0.944665,-0.2585154
1853-12,-0.36204526,-0.7873917,0.06330125
1854-01,-0.45771125,-0.8631905,-0.052232027
1854-02,-0.4223606,-0.8932512,0.048529956
1854-03,-0.085044146,-0.5437008,0.37361255
1854-04,-0.31132418,-0.61222345,-0.010424885
1854-05,-0.19426188,-0.46617898,0.07765521
1854-06,-0.34954852,-0.56954306,-0.12955396
1854-07,0.06719997,-0.14208508,0.27648503
1854-08,0.050826762,-0.15383554,0.25548905
1854-09,-0.12305348,-0.3229944,0.07688745
1854-10,0.16684422,-0.056543734,0.39023218
1854-11,-0.28160533,-0.63791156,0.074700885
1854-12,-0.15885867,-0.5648922,0.24717484
1855-01,0.0034667382,-0.38630062,0.39323407
1855-02,-0.37075746,-0.83125734,0.08974244
1855-03,-0.35366672,-0.8259379,0.11860443
1855-04,0.065733954,-0.24709193,0.37855983
1855-05,-0.2370935,-0.559347,0.08515997
1855-06,-0.1758612,-0.40413588,0.052413467
1855-07,-0.2142391,-0.41766015,-0.010818068
1855-08,-0.14797918,-0.3367637,0.04080536
1855-09,-0.3261661,-0.527915,-0.12441721
1855-10,-0.12124105,-0.38812214,0.14564005
1855-11,-0.44888303,-0.82476175,-0.07300431
1855-12,-0.6210319,-1.0415435,-0.20052025
1856-01,0.026184699,-0.32791856,0.38028795
1856-02,-0.38124987,-0.79307747,0.0305777
1856-03,-0.50800085,-0.9645812,-0.051420484
1856-04,-0.24351892,-0.5568318,0.06979391
1856-05,-0.22362927,-0.52953684,0.08227829
1856-06,-0.09033326,-0.30835634,0.12768982
1856-07,-0.2730145,-0.46890348,-0.077125475
1856-08,-0.27353257,-0.47318736,-0.07387778
1856-09,-0.368679,-0.5551326,-0.18222538
1856-10,-0.48836842,-0.735288,-0.2414488
1856-11,-0.6914821,-1.0546184,-0.32834595
1856-12,-0.4868663,-0.9221577,-0.051574856
1857-01,-0.6725955,-1.0298077,-0.31538337
1857-02,-0.41804722,-0.8485371,0.012442697
1857-03,-0.46425134,-0.92074573,-0.0077569354
1857-04,-0.73783344,-1.0941612,-0.38150573
1857-05,-0.7327138,-1.0393995,-0.42602813
1857-06,-0.19904648,-0.42330405,0.025211103
1857-07,-0.25409463,-0.46320957,-0.044979725
1857-08,-0.21586405,-0.4159698,-0.015758295
1857-09,-0.3375206,-0.5275484,-0.14749284
1857-10,-0.50081277,-0.74780726,-0.25381833
1857-11,-0.7597533,-1.1195122,-0.39999437
1857-12,-0.12422665,-0.5584406,0.3099873
1858-01,-0.12322852,-0.56298417,0.31652713
1858-02,-0.60230875,-1.0707057,-0.13391183
1858-03,-0.5660006,-1.0983344,-0.033666752
1858-04,-0.29983082,-0.6335903,0.03392861
1858-05,-0.38763866,-0.6857614,-0.08951592
1858-06,-0.28730443,-0.5135078,-0.061101075
1858-07,-0.24011348,-0.4671956,-0.013031365
1858-08,-0.33527145,-0.5412146,-0.1293283
1858-09,-0.3763679,-0.5727621,-0.1799737
1858-10,-0.17612348,-0.4263037,0.07405675
1858-11,-0.4255758,-0.79475236,-0.05639917
1858-12,-0.4834889,-0.89876825,-0.06820954
1859-01,-0.33785602,-0.71423334,0.03852134
1859-02,-0.32000422,-0.7468976,0.106889166
1859-03,-0.2638359,-0.7523492,0.22467743
1859-04,-0.08328769,-0.39310044,0.22652507
1859-05,-0.0136809815,-0.31930745,0.2919455
1859-06,-0.12850703,-0.35656065,0.09954659
1859-07,-0.26761,-0.45791388,-0.077306144
1859-08,-0.14298159,-0.34165335,0.055690173
1859-09,-0.38717142,-0.588469,-0.18587384
1859-10,-0.27766982,-0.50172263,-0.05361697
1859-11,-0.250893,-0.59575963,0.09397367
1859-12,-0.4982312,-0.9222646,-0.074197866
1860-01,-0.5770035,-1.0396557,-0.11435132
1860-02,-0.6404198,-1.1526681,-0.12817143
1860-03,-1.2679583,-1.8738711,-0.6620454
1860-04,-0.3308667,-0.65011376,-0.01161961
1860-05,-0.27852127,-0.5936158,0.036573246
1860-06,-0.10445343,-0.342674,0.13376713
1860-07,-0.09886361,-0.31918013,0.12145292
1860-08,-0.02295626,-0.28789306,0.24198055
1860-09,-0.013608623,-0.3062701,0.27905285
1860-10,-0.27193123,-0.5189791,-0.0248834
1860-11,-0.82197547,-1.1590502,-0.48490062
1860-12,-1.0798267,-1.4814298,-0.67822367
1861-01,-1.382559,-1.8808676,-0.8842502
1861-02,-0.66150665,-1.2921451,-0.030868271
1861-03,-0.39429238,-1.1367296,0.34814483
1861-04,-0.5478385,-1.0460591,-0.04961796
1861-05,-0.5168911,-0.9049082,-0.12887406
1861-06,-0.103430875,-0.46261257,0.2557508
1861-07,0.05200617,-0.26915583,0.37316817
1861-08,0.111801334,-0.19289714,0.4164998
1861-09,-0.24801917,-0.5325558,0.036517486
1861-10,-0.41407913,-0.6651524,-0.1630059
1861-11,-0.44297364,-0.8197948,-0.0661525
1861-12,-0.3187166,-0.79000485,0.15257171
1862-01,-1.1130203,-1.6397761,-0.58626443
1862-02,-1.0046529,-1.6376287,-0.37167704
1862-03,-0.8371359,-1.5233718,-0.1508999
1862-04,-0.79820573,-1.266724,-0.32968742
1862-05,-0.5525246,-0.9282951,-0.17675416
1862-06,-0.41355714,-0.6985704,-0.1285439
1862-07,-0.33973104,-0.6342535,-0.045208603
1862-08,-0.29864195,-0.59613025,-0.0011536513
1862-09,-0.33977076,-0.62878174,-0.050759755
1862-10,-0.51722866,-0.7804526,-0.25400478
1862-11,-0.9237737,-1.3379437,-0.50960374
1862-12,-1.2805809,-1.782404,-0.7787578
1863-01,0.18852645,-0.3723958,0.7494487
1863-02,-0.26256448,-0.97733814,0.4522092
1863-03,-0.3348571,-0.97949773,0.30978352
1863-04,-0.31638238,-0.76569813,0.13293338
1863-05,-0.19225156,-0.54510874,0.16060561
1863-06,-0.2889883,-0.5907425,0.012765965
1863-07,-0.25171044,-0.6205999,0.117179014
1863-08,-0.18093032,-0.51653177,0.15467115
1863-09,-0.21702242,-0.6170939,0.1830491
1863-10,-0.6492517,-0.9698341,-0.32866937
1863-11,-0.4557238,-0.8607212,-0.050726444
1863-12,-0.65515155,-1.1684574,-0.14184579
1864-01,-0.96151525,-1.563293,-0.35973752
1864-02,-0.5855036,-1.3289528,0.15794559
1864-03,-0.5074581,-1.1829586,0.16804239
1864-04,-0.5584429,-1.0345647,-0.08232102
1864-05,-0.32466525,-0.7187498,0.06941937
1864-06,0.18495072,-0.08948204,0.4593835
1864-07,-0.12707426,-0.46240798,0.20825946
1864-08,0.02401922,-0.3261459,0.3741843
1864-09,-0.37723416,-0.7227227,-0.031745624
1864-10,-0.6937615,-0.9922864,-0.3952366
1864-11,-0.7052797,-1.067424,-0.3431353
1864-12,-0.90775746,-1.4278647,-0.38765028
1865-01,-0.012363493,-0.5573,0.532573
1865-02,-0.7600303,-1.5601991,0.040138498
1865-03,-1.0518299,-1.8225701,-0.28108984
1865-04,-0.7355513,-1.2296966,-0.24140596
1865-05,-0.25981465,-0.6481376,0.12850836
1865-06,-0.06359463,-0.38962445,0.26243517
1865-07,-0.16771226,-0.5242754,0.18885088
1865-08,-0.20155872,-0.52083653,0.117719084
1865-09,-0.024168827,-0.39908502,0.35074735
1865-10,-0.21918891,-0.56801635,0.12963854
1865-11,-0.25909343,-0.6887684,0.17058153
1865-12,-0.65528566,-1.2074953,-0.10307599
1866-01,-0.101021715,-0.66207504,0.46003166
1866-02,-0.5328015,-1.14986,0.084257066
1866-03,-0.8675933,-1.5474393,-0.18774724
1866-04,-0.5333461,-1.0515118,-0.015180383
1866-05,-0.75216556,-1.1485178,-0.35581326
1866-06,-0.03505893,-0.36014557,0.2900277
1866-07,0.08329945,-0.24838208,0.41498098
1866-08,-0.182148,-0.49738628,0.13309029
1866-09,-0.3623511,-0.6952506,-0.029451624
1866-10,-0.59310234,-0.8688382,-0.31736648
1866-11,-0.27520606,-0.6530119,0.10259979
1866-12,-0.33326527,-0.8610071,0.19447653
1867-01,-0.501059,-1.063338,0.061220087
1867-02,-0.3190334,-1.0232794,0.3852126
1867-03,-1.0716891,-1.7619511,-0.3814272
1867-04,-0.5964037,-1.0870613,-0.10574613
1867-05,-0.8542732,-1.2715144,-0.437032
1867-06,-0.35556042,-0.70431346,-0.006807363
1867-07,-0.14538062,-0.48422757,0.19346634
1867-08,-0.17148551,-0.5370994,0.1941284
1867-09,-0.12839587,-0.49269783,0.23590611
1867-10,-0.13226868,-0.4634969,0.19895953
1867-11,-0.16366914,-0.55188894,0.22455066
1867-12,-0.42190027,-0.8845352,0.040734664
1868-01,-0.8059168,-1.4311476,-0.18068597
1868-02,-1.002921,-1.733343,-0.27249888
1868-03,-0.51361644,-1.2135276,0.18629469
1868-04,-0.28538185,-0.73184425,0.16108051
1868-05,-0.23383957,-0.63043106,0.16275193
1868-06,-0.0680737,-0.38140568,0.24525827
1868-07,0.32301566,0.0064916704,0.63953966
1868-08,-0.12249868,-0.44084695,0.19584958
1868-09,-0.40130225,-0.70947325,-0.09313129
1868-10,-0.23849043,-0.5037641,0.026783247
1868-11,-0.66073555,-1.0306196,-0.29085153
1868-12,-0.2947847,-0.7199566,0.13038714
1869-01,-0.33319452,-0.8342045,0.16781548
1869-02,0.37711036,-0.17512126,0.929342
1869-03,-0.80616933,-1.394341,-0.2179976
1869-04,-0.52015454,-0.97545505,-0.064854056
1869-05,-0.17847864,-0.4868252,0.12986793
1869-06,-0.18885697,-0.4530961,0.075382136
1869-07,-0.16387938,-0.43610755,0.10834879
1869-08,0.05309157,-0.21518393,0.32136708
1869-09,-0.038910627,-0.29235753,0.2145363
1869-10,-0.2213142,-0.45415947,0.011531041
1869-11,-0.289939,-0.56170684,-0.018171122
1869-12,-0.67446756,-1.0287249,-0.3202102
1870-01,-0.22474743,-0.607742,0.15824716
1870-02,-0.6065866,-1.0107652,-0.20240803
1870-03,-0.5528734,-0.99688214,-0.108864576
1870-04,-0.3906412,-0.7114937,-0.069788754
1870-05,-0.08856701,-0.38790286,0.21076882
1870-06,-0.052776366,-0.29901788,0.19346514
1870-07,0.07790143,-0.15022472,0.30602756
1870-08,-0.1755203,-0.48574388,0.13470328
1870-09,-0.08390179,-0.36572573,0.19792214
1870-10,-0.39998037,-0.7136057,-0.086355016
1870-11,-0.20329735,-0.49816293,0.09156826
1870-12,-1.0438268,-1.4355311,-0.65212256
1871-01,-0.84294796,-1.2963729,-0.38952306
1871-02,-1.1151167,-1.624424,-0.60580957
1871-03,-0.23477498,-0.7655906,0.29604065
1871-04,-0.15400356,-0.50561035,0.19760323
1871-05,-0.44926006,-0.78426296,-0.114257134
1871-06,-0.239781,-0.49057403,0.0110120345
1871-07,-0.028054463,-0.31263658,0.25652766
1871-08,-0.12129757,-0.37660676,0.13401164
1871-09,-0.3287831,-0.6020268,-0.055539384
1871-10,-0.23991399,-0.48371688,0.0038888988
1871-11,-0.8711069,-1.2148207,-0.5273931
1871-12,-0.666426,-1.083145,-0.24970706
1872-01,-0.82564515,-1.2685808,-0.3827095
1872-02,-0.86018455,-1.3292611,-0.3911081
1872-03,-0.5938154,-1.1269776,-0.060653247
1872-04,-0.43333066,-0.8184628,-0.048198532
1872-05,-0.034865003,-0.33707437,0.2673444
1872-06,-0.19112915,-0.45253608,0.07027778
1872-07,-0.04254468,-0.30186844,0.21677908
1872-08,0.20831403,-0.0617707,0.47839877
1872-09,-0.02383722,-0.27436367,0.22668922
1872-10,-0.18469389,-0.41358224,0.044194452
1872-11,-0.5513282,-0.83322686,-0.26942945
1872-12,-0.7512103,-1.1181765,-0.384244
1873-01,-0.48079532,-0.8535011,-0.10808957
1873-02,-0.39409187,-0.8819385,0.0937548
1873-03,-0.56623185,-0.99198484,-0.14047891
1873-04,-0.6871962,-1.003308,-0.37108436
1873-05,-0.45463565,-0.70935017,-0.19992112
1873-06,-0.29350698,-0.5082866,-0.07872732
1873-07,-0.114824556,-0.37914395,0.14949484
1873-08,-0.16997768,-0.37342167,0.03346629
1873-09,-0.41712326,-0.6749305,-0.15931599
1873-10,-0.31321773,-0.5591573,-0.06727813
1873-11,-0.4837331,-0.7671233,-0.2003429
1873-12,-0.13180836,-0.49996406,0.23634735
1874-01,-0.10022739,-0.54075134,0.34029657
1874-02,-0.41180852,-0.8042981,-0.019318933
1874-03,-0.8324079,-1.2898091,-0.37500674
1874-04,-0.38454756,-0.70535624,-0.06373891
1874-05,-0.075460345,-0.40482718,0.2539065
1874-06,-0.30599463,-0.56865865,-0.043330632
1874-07,-0.18060099,-0.3999933,0.03879133
1874-08,-0.16136454,-0.39491034,0.07218125
1874-09,0.0073552756,-0.2315893,0.24629985
1874-10,-0.37295064,-0.5944928,-0.15140852
1874-11,-0.41994056,-0.71664935,-0.12323174
1874-12,-0.286845,-0.64996666,0.07627661
1875-01,-0.911584,-1.2549522,-0.5682158
1875-02,-0.7792256,-1.1908579,-0.36759326
1875-03,-0.734555,-1.108732,-0.360378
1875-04,-0.53496665,-0.8084855,-0.26144782
1875-05,-0.36169213,-0.61450016,-0.10888411
1875-06,-0.117671676,-0.33259827,0.09725493
1875-07,-0.06105984,-0.2952286,0.17310894
1875-08,-0.24072202,-0.45673907,-0.02470495
1875-09,-0.3131269,-0.57440645,-0.05184738
1875-10,-0.21856253,-0.43392938,-0.0031956707
1875-11,-0.83072805,-1.1251587,-0.5362975
1875-12,-0.70077354,-1.0682348,-0.33331227
1876-01,-0.623623,-0.96935916,-0.27788693
1876-02,-0.38393483,-0.7441928,-0.02367686
1876-03,-0.41514638,-0.8976286,0.067335896
1876-04,-0.45684132,-0.74568087,-0.16800176
1876-05,-0.7160348,-0.97676283,-0.4553069
1876-06,-0.14940025,-0.3655885,0.066787995
1876-07,-0.022539385,-0.22485532,0.17977655
1876-08,-0.20037007,-0.4205917,0.01985155
1876-09,-0.24930085,-0.4669434,-0.031658296
1876-10,-0.27615386,-0.49494848,-0.057359267
1876-11,-0.7221237,-0.9965223,-0.44772506
1876-12,-1.0041267,-1.3648446,-0.6434087
1877-01,-0.516822,-0.84665465,-0.18698934
1877-02,-0.3706382,-0.73359764,-0.0076787686
1877-03,-0.17786238,-0.54635257,0.19062784
1877-04,-0.465637,-0.74404734,-0.18722664
1877-05,-0.31192002,-0.5708398,-0.053000193
1877-06,0.024416076,-0.21098506,0.2598172
1877-07,0.090206884,-0.11048749,0.29090124
1877-08,0.3768908,0.16290651,0.5908751
1877-09,0.16452116,-0.03834491,0.36738724
1877-10,0.044526342,-0.16496426,0.25401694
1877-11,0.08125799,-0.19848996,0.36100596
1877-12,-0.1552871,-0.5271707,0.21659648
1878-01,-0.3300493,-0.64011014,-0.019988468
1878-02,0.280536,-0.07342269,0.63449466
1878-03,0.5733159,0.17035258,0.9762792
1878-04,0.25123623,0.004234086,0.49823835
1878-05,-0.09020836,-0.34650457,0.16608785
1878-06,0.37982076,0.16527744,0.59436405
1878-07,0.09266281,-0.11643837,0.30176398
1878-08,0.115443096,-0.07156962,0.3024558
1878-09,0.19441724,-0.017731242,0.4065657
1878-10,-0.16592672,-0.35807508,0.026221631
1878-11,-0.093853116,-0.3761419,0.18843566
1878-12,-0.35286582,-0.70812666,0.0023950485
1879-01,-0.20937522,-0.56635565,0.14760524
1879-02,-0.26680237,-0.6286282,0.09502341
1879-03,-0.25668782,-0.63011354,0.11673791
1879-04,-0.4471829,-0.70424867,-0.19011717
1879-05,-0.3175708,-0.55013794,-0.085003674
1879-06,-0.31507412,-0.507095,-0.12305327
1879-07,-0.22001521,-0.4087286,-0.031301834
1879-08,-0.31071153,-0.49778423,-0.12363883
1879-09,-0.24165961,-0.46074498,-0.022574257
1879-10,-0.020514285,-0.24344826,0.20241968
1879-11,-0.5903641,-0.90109533,-0.27963287
1879-12,-0.83902556,-1.2294114,-0.44863978
1880-01,-0.4769953,-0.8463107,-0.107679896
1880-02,-0.6396271,-0.99219924,-0.28705496
1880-03,-0.3592889,-0.79548764,0.07690988
1880-04,-0.4652988,-0.81038445,-0.12021313
1880-05,-0.30321893,-0.5805544,-0.02588343
1880-06,-0.30184436,-0.51529473,-0.08839396
1880-07,-0.3074414,-0.49592045,-0.11896238
1880-08,-0.18032041,-0.38034764,0.019706825
1880-09,-0.32459658,-0.5376138,-0.11157935
1880-10,-0.4204255,-0.6175632,-0.22328784
1880-11,-0.34534582,-0.6519014,-0.038790222
1880-12,-0.48357028,-0.86718816,-0.09995242
1881-01,-0.23429029,-0.58228177,0.113701195
1881-02,-0.32012048,-0.67135483,0.031113856
1881-03,-0.37932685,-0.7507315,-0.007922194
1881-04,-0.042219996,-0.28850803,0.20406803
1881-05,-0.14764236,-0.3922798,0.09699511
1881-06,-0.37809783,-0.5721194,-0.18407623
1881-07,-0.18679488,-0.3771124,0.0035226378
1881-08,-0.07692851,-0.25932446,0.10546744
1881-09,-0.27991554,-0.44138214,-0.11844892
1881-10,-0.33983606,-0.5229491,-0.15672302
1881-11,-0.6082631,-0.8650239,-0.35150224
1881-12,-0.41516316,-0.737639,-0.09268733
1882-01,0.09909032,-0.20209295,0.4002736
1882-02,-0.16432194,-0.45178542,0.12314153
1882-03,-0.24070887,-0.5578679,0.07645015
1882-04,-0.43130198,-0.6677979,-0.19480604
1882-05,-0.41357186,-0.64526963,-0.18187411
1882-06,-0.4466336,-0.6346703,-0.2585969
1882-07,-0.4169995,-0.59970176,-0.2342972
1882-08,-0.24126402,-0.43637025,-0.04615778
1882-09,-0.19487807,-0.40670443,0.016948301
1882-10,-0.57260954,-0.7661957,-0.3790233
1882-11,-0.57372403,-0.8113538,-0.33609432
1882-12,-0.8788266,-1.183344,-0.5743092
1883-01,-0.76873684,-1.0516957,-0.4857779
1883-02,-0.8019244,-1.0921801,-0.5116687
1883-03,-0.39769834,-0.68007094,-0.1153258
1883-04,-0.43098447,-0.6406319,-0.22133702
1883-05,-0.3783583,-0.5851265,-0.17159007
1883-06,-0.24178736,-0.42479947,-0.058775254
1883-07,-0.22675799,-0.39765194,-0.05586405
1883-08,-0.2725121,-0.4363073,-0.10871693
1883-09,-0.2995006,-0.46228713,-0.13671413
1883-10,-0.3300371,-0.50695854,-0.15311565
1883-11,-0.62024057,-0.87166667,-0.36881447
1883-12,-0.35622334,-0.68091285,-0.031533834
1884-01,-0.53523445,-0.8260669,-0.24440202
1884-02,-0.46826693,-0.7473144,-0.18921949
1884-03,-0.83276546,-1.1443796,-0.52115124
1884-04,-0.74097013,-0.9458464,-0.53609383
1884-05,-0.65030473,-0.8397463,-0.4608631
1884-06,-0.56313145,-0.72093284,-0.40533006
1884-07,-0.5990647,-0.75451124,-0.44361812
1884-08,-0.5925146,-0.7406395,-0.4443897
1884-09,-0.68428826,-0.8387333,-0.52984315
1884-10,-0.5556734,-0.73241806,-0.37892878
1884-11,-0.84363556,-1.1085925,-0.5786787
1884-12,-0.5476879,-0.8725904,-0.22278535
1885-01,-0.9463799,-1.2224954,-0.6702643
1885-02,-0.67960036,-0.95747703,-0.4017237
1885-03,-0.45487493,-0.71386015,-0.1958897
1885-04,-0.7008803,-0.88934916,-0.5124114
1885-05,-0.6065654,-0.80045086,-0.41268
1885-06,-0.62671715,-0.7876816,-0.46575266
1885-07,-0.36780736,-0.5327274,-0.20288731
1885-08,-0.27369186,-0.4192517,-0.12813202
1885-09,-0.3599102,-0.51849467,-0.20132571
1885-10,-0.3553784,-0.511424,-0.19933277
1885-11,-0.58056265,-0.79399896,-0.3671263
1885-12,-0.16327094,-0.46283314,0.13629127
1886-01,-0.58033466,-0.8185559,-0.3421135
1886-02,-0.6716032,-0.8893433,-0.45386305
1886-03,-0.6646761,-0.87998956,-0.44936252
1886-04,-0.38864297,-0.562227,-0.21505892
1886-05,-0.33990476,-0.5093331,-0.17047639
1886-06,-0.46800348,-0.621423,-0.31458396
1886-07,-0.14984429,-0.2868423,-0.012846316
1886-08,-0.38903704,-0.5365588,-0.24151525
1886-09,-0.38623548,-0.5389997,-0.23347124
1886-10,-0.40174565,-0.57854676,-0.2249445
1886-11,-0.6165673,-0.84457713,-0.38855743
1886-12,-0.289001,-0.59147733,0.013475401
1887-01,-1.0206991,-1.2634307,-0.77796763
1887-02,-0.7700193,-1.0066634,-0.53337514
1887-03,-0.42662627,-0.66394824,-0.18930429
1887-04,-0.4843649,-0.6690156,-0.29971415
1887-05,-0.43881145,-0.6324428,-0.24518014
1887-06,-0.44302702,-0.6180221,-0.26803192
1887-07,-0.3336439,-0.49855363,-0.16873421
1887-08,-0.5067539,-0.66798866,-0.34551924
1887-09,-0.29170734,-0.45849228,-0.124922395
1887-10,-0.4127828,-0.5861134,-0.23945218
1887-11,-0.38166678,-0.6165084,-0.14682509
1887-12,-0.42052606,-0.71225506,-0.12879705
1888-01,-0.67021257,-0.93476826,-0.40565678
1888-02,-0.7543386,-1.0282748,-0.48040244
1888-03,-0.69841117,-0.9916644,-0.40515795
1888-04,-0.29895195,-0.5062121,-0.09169176
1888-05,-0.37598366,-0.58814836,-0.16381899
1888-06,-0.1772829,-0.34700403,-0.0075617717
1888-07,-0.19763234,-0.36674258,-0.028522113
1888-08,-0.23265608,-0.40532312,-0.059989028
1888-09,-0.28478956,-0.47284138,-0.09673777
1888-10,-0.10483774,-0.29114854,0.08147308
1888-11,-0.29309836,-0.5297303,-0.056466423
1888-12,-0.38119578,-0.6915107,-0.07088093
1889-01,-0.5118319,-0.7955348,-0.2281289
1889-02,0.032236442,-0.26686692,0.3313398
1889-03,-0.17097223,-0.4908292,0.14888473
1889-04,-0.020698765,-0.23654836,0.19515084
1889-05,-0.15947138,-0.3567327,0.03778995
1889-06,-0.08844199,-0.26928538,0.09240139
1889-07,-0.19368899,-0.38473907,-0.002638888
1889-08,-0.21421286,-0.382469,-0.04595672
1889-09,-0.23696162,-0.411892,-0.062031224
1889-10,-0.36300173,-0.5584522,-0.1675513
1889-11,-0.7371378,-0.94848186,-0.5257937
1889-12,-0.46140847,-0.7252513,-0.1975656
1890-01,-0.6775718,-0.9075629,-0.44758067
1890-02,-0.52942544,-0.80191517,-0.25693575
1890-03,-0.73067766,-1.0156151,-0.44574022
1890-04,-0.4835734,-0.71455586,-0.25259095
1890-05,-0.5253794,-0.71034163,-0.34041718
1890-06,-0.4635699,-0.6484441,-0.2786957
1890-07,-0.43486744,-0.61912286,-0.25061202
1890-08,-0.42188853,-0.60456914,-0.23920797
1890-09,-0.44064483,-0.6340553,-0.24723436
1890-10,-0.2999997,-0.48733988,-0.11265953
1890-11,-0.81057936,-1.0209168,-0.60024196
1890-12,-0.46588892,-0.73806983,-0.193708
1891-01,-0.68190765,-0.9752743,-0.38854095
1891-02,-0.82627755,-1.1368078,-0.51574737
1891-03,-0.4436354,-0.73967415,-0.14759666
1891-04,-0.5457132,-0.7804607,-0.3109657
1891-05,-0.3883434,-0.58270115,-0.19398569
1891-06,-0.26694426,-0.45358348,-0.08030503
1891-07,-0.27686894,-0.47019175,-0.083546154
1891-08,-0.20353217,-0.39106482,-0.015999531
1891-09,-0.12957332,-0.33245638,0.07330975
1891-10,-0.36638105,-0.5528914,-0.1798707
1891-11,-0.6980582,-0.930463,-0.4656534
1891-12,-0.115588814,-0.3924768,0.16129918
1892-01,-0.5905934,-0.8683372,-0.3128496
1892-02,-0.38296103,-0.670275,-0.09564713
1892-03,-0.78547055,-1.067389,-0.5035521
1892-04,-0.64243114,-0.90035963,-0.38450268
1892-05,-0.5029033,-0.71335304,-0.2924535
1892-06,-0.31022456,-0.50806713,-0.112382
1892-07,-0.5307117,-0.7335021,-0.3279214
1892-08,-0.49370152,-0.6716542,-0.3157488
1892-09,-0.3515445,-0.53374344,-0.16934551
1892-10,-0.3678628,-0.5541452,-0.18158038
1892-11,-0.9401143,-1.158553,-0.7216756
1892-12,-1.014204,-1.2757576,-0.75265056
1893-01,-1.5562713,-1.8170856,-1.295457
1893-02,-1.2315031,-1.4891063,-0.97389996
1893-03,-0.5531515,-0.8468321,-0.25947094
1893-04,-0.46585888,-0.68947965,-0.2422381
1893-05,-0.622161,-0.8302364,-0.4140855
1893-06,-0.2871985,-0.47007388,-0.10432316
1893-07,-0.119063616,-0.30995354,0.0718263
1893-08,-0.23537222,-0.42510232,-0.04564211
1893-09,-0.32216027,-0.5066887,-0.13763179
1893-10,-0.24784167,-0.431178,-0.06450533
1893-11,-0.42540827,-0.6656534,-0.18516311
1893-12,-0.6146928,-0.9027598,-0.3266258
1894-01,-0.8492126,-1.0999916,-0.5984335
1894-02,-0.43753546,-0.7061899,-0.16888106
1894-03,-0.48150444,-0.78288764,-0.18012123
1894-04,-0.46545583,-0.6979041,-0.2330076
1894-05,-0.36581805,-0.5645004,-0.16713575
1894-06,-0.52227247,-0.7048743,-0.33967066
1894-07,-0.20223442,-0.41283482,0.008365977
1894-08,-0.22620651,-0.4165197,-0.035893336
1894-09,-0.30119658,-0.4826571,-0.11973604
1894-10,-0.3066777,-0.49573192,-0.11762346
1894-11,-0.5488709,-0.76914674,-0.3285951
1894-12,-0.6041762,-0.8763593,-0.3319932
1895-01,-0.8798431,-1.135011,-0.6246753
1895-02,-0.8076843,-1.0820545,-0.53331417
1895-03,-0.7436899,-1.0658865,-0.42149332
1895-04,-0.35196024,-0.61832196,-0.08559856
1895-05,-0.40813455,-0.6005856,-0.21568348
1895-06,-0.44745427,-0.6544854,-0.24042314
1895-07,-0.24861944,-0.44190624,-0.055332642
1895-08,-0.40231666,-0.5759503,-0.22868304
1895-09,-0.1867561,-0.3780758,0.004563605
1895-10,-0.18964405,-0.3601503,-0.01913779
1895-11,-0.31100214,-0.5072299,-0.11477432
1895-12,-0.36434433,-0.61731,-0.111378685
1896-01,-0.3861514,-0.63923705,-0.13306576
1896-02,-0.37724712,-0.6474474,-0.1070468
1896-03,-0.8393337,-1.1381494,-0.54051805
1896-04,-0.7491095,-0.97030246,-0.5279166
1896-05,-0.30996716,-0.5121323,-0.10780204
1896-06,-0.05500548,-0.23455322,0.12454226
1896-07,-0.11144068,-0.2806964,0.05781503
1896-08,-0.11994889,-0.29004,0.050142206
1896-09,-0.004388452,-0.17158331,0.16280639
1896-10,0.019859146,-0.1425172,0.18223548
1896-11,-0.48643714,-0.69920295,-0.27367136
1896-12,-0.10211396,-0.36384916,0.15962122
1897-01,-0.4459086,-0.72174245,-0.17007478
1897-02,-0.52639014,-0.8097794,-0.24300085
1897-03,-0.68776107,-0.97661525,-0.39890695
1897-04,-0.11920842,-0.3315189,0.09310206
1897-05,0.012422002,-0.17022254,0.19506654
1897-06,-0.09163687,-0.2632949,0.08002119
1897-07,-0.0016414104,-0.19542333,0.1921405
1897-08,-0.07226654,-0.24676836,0.10223528
1897-09,-0.045306627,-0.21358849,0.12297523
1897-10,-0.10350382,-0.2854315,0.078423865
1897-11,-0.4290413,-0.6189777,-0.23910487
1897-12,-0.5084823,-0.7256571,-0.29130754
1898-01,-0.06769952,-0.33878303,0.20338397
1898-02,-0.63600945,-0.8543246,-0.41769433
1898-03,-1.1141034,-1.3132093,-0.9149976
1898-04,-0.5475413,-0.74905795,-0.34602475
1898-05,-0.448151,-0.6156516,-0.28065038
1898-06,-0.22796665,-0.38630366,-0.06962964
1898-07,-0.20945679,-0.37437415,-0.04453943
1898-08,-0.27591485,-0.4413513,-0.11047837
1898-09,-0.27334177,-0.44217342,-0.104510136
1898-10,-0.4306339,-0.6032095,-0.25805828
1898-11,-0.5328811,-0.7253645,-0.3403977
1898-12,-0.40166444,-0.61240077,-0.1909281
1899-01,-0.29512647,-0.51001024,-0.08024267
1899-02,-0.72306037,-0.92963904,-0.51648164
1899-03,-0.84202415,-1.0511804,-0.63286793
1899-04,-0.40286276,-0.58648795,-0.21923758
1899-05,-0.3267358,-0.49924368,-0.15422793
1899-06,-0.50643593,-0.6696502,-0.34322163
1899-07,-0.24867797,-0.4267522,-0.070603736
1899-08,-0.1255624,-0.29031864,0.03919383
1899-09,-0.06292363,-0.21647395,0.09062668
1899-10,-0.041023515,-0.21012469,0.12807764
1899-11,0.15044144,-0.039869733,0.34075263
1899-12,-0.5725506,-0.7925532,-0.35254797
1900-01,-0.73430234,-0.9401714,-0.5284332
1900-02,-0.34892833,-0.54955333,-0.14830336
1900-03,-0.09662934,-0.31525683,0.12199815
1900-04,-0.20746636,-0.3941369,-0.020795824
1900-05,-0.19831046,-0.3665909,-0.030030044
1900-06,-0.10243576,-0.26035842,0.055486914
1900-07,-0.15494375,-0.31157663,0.0016891381
1900-08,-0.13693541,-0.2929245,0.019053651
1900-09,-0.10139063,-0.26023063,0.057449367
1900-10,0.13408071,-0.034994982,0.3031564
1900-11,-0.2925845,-0.47071144,-0.11445757
1900-12,-0.13492672,-0.34470242,0.07484897
1901-01,-0.3042925,-0.5078515,-0.100733474
1901-02,-0.1836051,-0.38374436,0.01653417
1901-03,0.004872711,-0.18946391,0.19920933
1901-04,-0.0049375044,-0.18662836,0.17675334
1901-05,-0.25091678,-0.42048663,-0.08134694
1901-06,-0.105092466,-0.275227,0.06504207
1901-07,-0.1353996,-0.30867156,0.03787239
1901-08,-0.095128186,-0.26390985,0.07365346
1901-09,-0.27667084,-0.44130597,-0.11203574
1901-10,-0.33490625,-0.51130944,-0.15850306
1901-11,-0.36808488,-0.55483973,-0.18133001
1901-12,-0.52508813,-0.7214283,-0.32874796
1902-01,-0.43259823,-0.6319693,-0.23322721
1902-02,-0.12989393,-0.3175217,0.05773383
1902-03,-0.58027,-0.7693035,-0.39123645
1902-04,-0.5339831,-0.7106893,-0.35727695
1902-05,-0.5033838,-0.67819446,-0.32857314
1902-06,-0.47142577,-0.6430987,-0.29975283
1902-07,-0.37859228,-0.5449152,-0.21226938
1902-08,-0.2980087,-0.4632038,-0.13281362
1902-09,-0.3728565,-0.53991747,-0.20579548
1902-10,-0.43806994,-0.6146805,-0.26145932
1902-11,-0.6896879,-0.87117434,-0.5082015
1902-12,-0.69018584,-0.8843786,-0.49599308
1903-01,-0.36895388,-0.5669366,-0.17097118
1903-02,-0.07933483,-0.26237553,0.10370587
1903-03,-0.4132855,-0.5955609,-0.23101008
1903-04,-0.56181455,-0.7333633,-0.39026576
1903-05,-0.51621103,-0.67762643,-0.35479558
1903-06,-0.5440294,-0.6945696,-0.3934893
1903-07,-0.47425002,-0.626348,-0.32215202
1903-08,-0.5870838,-0.7484232,-0.4257444
1903-09,-0.53406626,-0.69265795,-0.37547454
1903-10,-0.5955117,-0.74990433,-0.44111902
1903-11,-0.63628054,-0.80794877,-0.46461233
1903-12,-0.75067073,-0.94467854,-0.556663
1904-01,-0.91600144,-1.1091732,-0.7228297
1904-02,-0.8534349,-1.0479156,-0.65895414
1904-03,-0.73048705,-0.923447,-0.537527
1904-04,-0.6603351,-0.8367555,-0.48391473
1904-05,-0.54975367,-0.709538,-0.38996938
1904-06,-0.48994124,-0.65112,-0.32876247
1904-07,-0.55007726,-0.7115988,-0.3885558
1904-08,-0.4240196,-0.5876211,-0.26041815
1904-09,-0.6246218,-0.7876457,-0.46159786
1904-10,-0.44195327,-0.6082743,-0.2756323
1904-11,-0.2470072,-0.4351975,-0.058816914
1904-12,-0.4526103,-0.6825083,-0.22271235
1905-01,-0.48448855,-0.6783865,-0.29059058
1905-02,-0.9236386,-1.1153963,-0.73188084
1905-03,-0.60753894,-0.7812813,-0.43379658
1905-04,-0.62900454,-0.7896849,-0.46832418
1905-05,-0.44619566,-0.60005987,-0.29233146
1905-06,-0.33892396,-0.48625582,-0.19159211
1905-07,-0.2586981,-0.4063227,-0.11107352
1905-08,-0.2758239,-0.42378065,-0.12786713
1905-09,-0.2508607,-0.4035527,-0.09816867
1905-10,-0.28452718,-0.4395665,-0.12948787
1905-11,-0.068799235,-0.24779494,0.110196464
1905-12,-0.2722667,-0.48476112,-0.059772283
1906-01,-0.41944307,-0.6270666,-0.2118195
1906-02,-0.61114526,-0.80901706,-0.41327345
1906-03,-0.28424022,-0.48430502,-0.0841754
1906-04,-0.012164957,-0.19930401,0.1749741
1906-05,-0.32370687,-0.49587288,-0.15154085
1906-06,-0.05779773,-0.22216474,0.10656927
1906-07,-0.31084433,-0.47717294,-0.14451571
1906-08,-0.115285814,-0.27001294,0.0394413
1906-09,-0.18864474,-0.35228032,-0.025009168
1906-10,-0.1481294,-0.32135287,0.025094077
1906-11,-0.5091703,-0.6954387,-0.32290193
1906-12,-0.14354075,-0.35088128,0.063799776
1907-01,-0.6721992,-0.8541198,-0.49027854
1907-02,-0.7670042,-0.9458404,-0.58816797
1907-03,-0.5576442,-0.7338139,-0.38147447
1907-04,-0.538908,-0.69914585,-0.37867016
1907-05,-0.73459274,-0.88624203,-0.58294344
1907-06,-0.58298635,-0.72516227,-0.44081047
1907-07,-0.40461612,-0.559545,-0.24968728
1907-08,-0.46132624,-0.6108755,-0.311777
1907-09,-0.3677273,-0.5103688,-0.22508578
1907-10,-0.17495799,-0.32667157,-0.023244414
1907-11,-0.590631,-0.76868045,-0.41258153
1907-12,-0.5876576,-0.82518494,-0.35013017
1908-01,-0.47847405,-0.67353624,-0.2834119
1908-02,-0.40765816,-0.5956871,-0.2196292
1908-03,-0.89683276,-1.0791852,-0.7144803
1908-04,-0.5686102,-0.7423738,-0.39484662
1908-05,-0.3736216,-0.54143,-0.20581323
1908-06,-0.28017613,-0.4433016,-0.11705067
1908-07,-0.31864238,-0.4670418,-0.17024294
1908-08,-0.40407678,-0.55972,-0.24843355
1908-09,-0.2518424,-0.40710127,-0.09658355
1908-10,-0.40369207,-0.5528771,-0.25450704
1908-11,-0.69319916,-0.8592441,-0.52715415
1908-12,-0.6570946,-0.85261744,-0.46157178
1909-01,-0.89100915,-1.0576262,-0.724392
1909-02,-0.5007066,-0.6770145,-0.32439867
1909-03,-0.7526684,-0.9212993,-0.5840374
1909-04,-0.6725836,-0.82772076,-0.51744634
1909-05,-0.5537042,-0.7124341,-0.3949743
1909-06,-0.44361806,-0.5926084,-0.29462773
1909-07,-0.4087914,-0.55196005,-0.26562274
1909-08,-0.29471737,-0.44224763,-0.14718711
1909-09,-0.3217267,-0.46461418,-0.17883925
1909-10,-0.36914983,-0.51311547,-0.22518416
1909-11,-0.18915938,-0.35196027,-0.026358495
1909-12,-0.52685136,-0.70336276,-0.35033992
1910-01,-0.3770475,-0.55750895,-0.19658609
1910-02,-0.4613577,-0.64518505,-0.27753034
1910-03,-0.6138904,-0.79761475,-0.43016613
1910-04,-0.5306561,-0.6993855,-0.3619267
1910-05,-0.46582326,-0.62989414,-0.3017524
1910-06,-0.5560167,-0.707536,-0.4044973
1910-07,-0.38041604,-0.5335673,-0.22726476
1910-08,-0.33349878,-0.48501512,-0.18198241
1910-09,-0.36344504,-0.5239701,-0.20291996
1910-10,-0.34769887,-0.49484736,-0.20055039
1910-11,-0.6439897,-0.8031443,-0.48483503
1910-12,-0.8231344,-1.0028692,-0.6433996
1911-01,-0.7242127,-0.88092595,-0.5674994
1911-02,-0.70028394,-0.8678199,-0.532748
1911-03,-0.748044,-0.90823984,-0.5878482
1911-04,-0.5179154,-0.6712058,-0.36462498
1911-05,-0.50813353,-0.6601769,-0.35609022
1911-06,-0.34261945,-0.49891934,-0.18631957
1911-07,-0.34798717,-0.49765533,-0.19831899
1911-08,-0.3864432,-0.53736955,-0.23551686
1911-09,-0.31796294,-0.47700277,-0.1589231
1911-10,-0.19863035,-0.3415476,-0.055713084
1911-11,-0.26921624,-0.43673342,-0.10169903
1911-12,-0.37629953,-0.55517703,-0.19742203
1912-01,-0.43979308,-0.6035947,-0.27599144
1912-02,-0.27676418,-0.43421277,-0.11931559
1912-03,-0.7919871,-0.9581372,-0.62583697
1912-04,-0.33548695,-0.49742374,-0.17355013
1912-05,-0.27055806,-0.4152566,-0.1258595
1912-06,-0.11894968,-0.27335235,0.035452977
1912-07,-0.52021694,-0.6622543,-0.37817967
1912-08,-0.66109616,-0.8012422,-0.52095014
1912-09,-0.7647993,-0.91185015,-0.61774844
1912-10,-0.84506965,-0.9897506,-0.70038867
1912-11,-0.60488194,-0.7629033,-0.4468606
1912-12,-0.7337713,-0.905354,-0.5621886
1913-01,-0.6399753,-0.80534315,-0.4746075
1913-02,-0.758644,-0.9224539,-0.59483415
1913-03,-0.7009673,-0.85721636,-0.5447182
1913-04,-0.57504386,-0.7246264,-0.42546126
1913-05,-0.620256,-0.76949793,-0.47101408
1913-06,-0.5791032,-0.73371154,-0.4244949
1913-07,-0.54541653,-0.69712776,-0.3937053
1913-08,-0.36683443,-0.51450866,-0.2191602
1913-09,-0.39800885,-0.5382078,-0.25780985
1913-10,-0.43806994,-0.58567345,-0.2904664
1913-11,-0.3053469,-0.46172464,-0.14896917
1913-12,-0.008632816,-0.18060303,0.1633374
1914-01,0.11008874,-0.05462372,0.27480122
1914-02,-0.24722534,-0.4064548,-0.087995894
1914-03,-0.5356197,-0.69258857,-0.3786508
1914-04,-0.4934791,-0.63939035,-0.34756786
1914-05,-0.27627283,-0.42265624,-0.12988943
1914-06,-0.2763912,-0.4223528,-0.13042966
1914-07,-0.3071663,-0.45663896,-0.15769368
1914-08,-0.24420609,-0.38642126,-0.10199092
1914-09,-0.27795318,-0.42176193,-0.13414443
1914-10,-0.08796897,-0.22875303,0.05281509
1914-11,-0.33898005,-0.5010067,-0.17695336
1914-12,-0.2540065,-0.4261478,-0.081865236
1915-01,-0.30727035,-0.46355233,-0.15098836
1915-02,-0.24222302,-0.40046984,-0.083976224
1915-03,-0.31809545,-0.48271337,-0.15347749
1915-04,-0.037053667,-0.18698591,0.112878576
1915-05,-0.07826317,-0.22009763,0.06357128
1915-06,-0.094031766,-0.23720859,0.04914506
1915-07,-0.14179233,-0.2807787,-0.0028059543
1915-08,-0.013659623,-0.15491223,0.12759298
1915-09,-0.13015147,-0.27434304,0.014040114
1915-10,-0.34701893,-0.4990317,-0.19500612
1915-11,-0.07613772,-0.23765206,0.08537662
1915-12,-0.32059973,-0.4705024,-0.17069708
1916-01,-0.31224802,-0.4745202,-0.14997587
1916-02,-0.30398837,-0.46452382,-0.14345291
1916-03,-0.5823573,-0.742834,-0.42188066
1916-04,-0.40547162,-0.5675426,-0.2434006
1916-05,-0.38926739,-0.54543823,-0.23309657
1916-06,-0.45315877,-0.5999316,-0.30638596
1916-07,-0.2217005,-0.3700316,-0.073369406
1916-08,-0.29755157,-0.44702968,-0.14807348
1916-09,-0.3984298,-0.54589736,-0.2509623
1916-10,-0.38130566,-0.5300148,-0.2325965
1916-11,-0.5046044,-0.66923064,-0.33997816
1916-12,-1.0717373,-1.2341517,-0.90932286
1917-01,-0.6634318,-0.8212114,-0.5056522
1917-02,-0.779132,-0.9396591,-0.6186049
1917-03,-0.86776924,-1.0227765,-0.712762
1917-04,-0.556114,-0.7155537,-0.39667442
1917-05,-0.7142609,-0.8599979,-0.5685238
1917-06,-0.48835853,-0.64133155,-0.33538553
1917-07,-0.25786287,-0.41693035,-0.098795384
1917-08,-0.2675892,-0.41638,-0.11879846
1917-09,-0.281463,-0.43460506,-0.12832095
1917-10,-0.6719865,-0.8176018,-0.5263712
1917-11,-0.40417498,-0.5698892,-0.23846076
1917-12,-1.0621428,-1.2453345,-0.87895125
1918-01,-0.5879851,-0.75086963,-0.42510065
1918-02,-0.64447147,-0.8071109,-0.48183206
1918-03,-0.54970425,-0.7076471,-0.39176136
1918-04,-0.6462629,-0.80327535,-0.4892504
1918-05,-0.60898423,-0.7600639,-0.45790452
1918-06,-0.52874696,-0.67961776,-0.37787622
1918-07,-0.3561029,-0.49576494,-0.21644087
1918-08,-0.350424,-0.48630106,-0.21454693
1918-09,-0.22693962,-0.37331727,-0.08056196
1918-10,-0.118108906,-0.2624943,0.026276495
1918-11,-0.36293024,-0.5181361,-0.20772438
1918-12,-0.65173995,-0.8323956,-0.47108433
1919-01,-0.38216218,-0.55485827,-0.20946614
1919-02,-0.41345322,-0.58361244,-0.24329405
1919-03,-0.6424187,-0.811403,-0.47343442
1919-04,-0.27184728,-0.43475845,-0.1089361
1919-05,-0.4303932,-0.58269006,-0.27809632
1919-06,-0.40892488,-0.55698496,-0.26086476
1919-07,-0.26654476,-0.4294043,-0.10368523
1919-08,-0.1435235,-0.29978094,0.012733935
1919-09,-0.18649326,-0.3426073,-0.030379226
1919-10,-0.1293784,-0.28514844,0.026391651
1919-11,-0.5698108,-0.7331915,-0.4064301
1919-12,-0.6224153,-0.8058722,-0.43895847
1920-01,-0.19426198,-0.3756144,-0.012909567
1920-02,-0.47312734,-0.64933693,-0.29691774
1920-03,-0.17688377,-0.35156482,-0.002202713
1920-04,-0.32169032,-0.48341212,-0.1599685
1920-05,-0.25485164,-0.40753588,-0.10216741
1920-06,-0.23762949,-0.39020303,-0.085055955
1920-07,-0.2024098,-0.35453597,-0.05028365
1920-08,-0.18877068,-0.3387657,-0.038775653
1920-09,-0.28215855,-0.44194162,-0.12237547
1920-10,-0.2737088,-0.43155396,-0.115863614
1920-11,-0.4738676,-0.6519814,-0.29575375
1920-12,-0.6304471,-0.80815816,-0.4527361
1921-01,-0.06392149,-0.23062725,0.10278428
1921-02,-0.17714113,-0.34212738,-0.012154891
1921-03,-0.3484278,-0.5042939,-0.19256169
1921-04,-0.13949387,-0.30086708,0.021879349
1921-05,-0.2741803,-0.4349141,-0.1134465
1921-06,-0.09738916,-0.2572913,0.06251297
1921-07,0.002697617,-0.1508091,0.15620433
1921-08,-0.20236273,-0.3489942,-0.055731278
1921-09,-0.14740375,-0.30584016,0.011032649
1921-10,-0.078703925,-0.23553771,0.07812985
1921-11,-0.20027107,-0.35370213,-0.046840023
1921-12,-0.23253351,-0.39565188,-0.06941516
1922-01,-0.43942034,-0.6112588,-0.26758185
1922-02,-0.5630107,-0.72588956,-0.4001319
1922-03,-0.2947253,-0.45590317,-0.1335474
1922-04,-0.24807368,-0.40460846,-0.091538906
1922-05,-0.30781627,-0.4585189,-0.15711367
1922-06,-0.19812185,-0.3429798,-0.053263918
1922-07,-0.21186717,-0.3617359,-0.06199842
1922-08,-0.336051,-0.47488204,-0.19721994
1922-09,-0.3598316,-0.5045537,-0.21510954
1922-10,-0.28303888,-0.43051526,-0.13556254
1922-11,-0.18002033,-0.34012294,-0.019917736
1922-12,-0.20893125,-0.37237737,-0.045485146
1923-01,-0.32598123,-0.48600394,-0.16595855
1923-02,-0.5880987,-0.7394801,-0.43671736
1923-03,-0.55519146,-0.7015536,-0.40882933
1923-04,-0.59360355,-0.73850423,-0.44870287
1923-05,-0.3780664,-0.5192114,-0.23692134
1923-06,-0.21515153,-0.35111102,-0.07919204
1923-07,-0.28292054,-0.4264891,-0.13935198
1923-08,-0.2043232,-0.3440123,-0.06463412
1923-09,-0.17028816,-0.30709016,-0.03348615
1923-10,0.08472083,-0.05595217,0.22539382
1923-11,0.15825856,0.0050735134,0.3114436
1923-12,0.0069002234,-0.15365358,0.16745403
1924-01,-0.36421558,-0.52514696,-0.20328419
1924-02,-0.22926523,-0.3842352,-0.07429525
1924-03,-0.028360667,-0.17904994,0.1223286
1924-04,-0.313323,-0.4592549,-0.16739109
1924-05,-0.12413243,-0.2645455,0.016280644
1924-06,-0.18583615,-0.32858768,-0.04308463
1924-07,-0.18018357,-0.3261791,-0.034188055
1924-08,-0.16073376,-0.29920503,-0.022262497
1924-09,-0.1738457,-0.31232184,-0.03536955
1924-10,-0.18749855,-0.32688951,-0.04810761
1924-11,0.026897496,-0.12957756,0.18337256
1924-12,-0.39179623,-0.5571566,-0.22643586
1925-01,-0.39695376,-0.5536969,-0.24021065
1925-02,-0.4917254,-0.6489517,-0.33449906
1925-03,-0.32308963,-0.47588748,-0.17029178
1925-04,-0.20437148,-0.3488054,-0.059937544
1925-05,-0.25124696,-0.39704448,-0.10544944
1925-06,-0.2635694,-0.40534133,-0.121797495
1925-07,-0.2106433,-0.35820967,-0.06307696
1925-08,-0.106227905,-0.24579996,0.03334416
1925-09,0.015399805,-0.12517664,0.15597625
1925-10,-0.08531452,-0.23254567,0.06191663
1925-11,0.09372037,-0.053063534,0.24050428
1925-12,0.20131834,0.051219177,0.3514175
1926-01,0.3894738,0.22416985,0.5547777
1926-02,0.116744086,-0.031315304,0.26480347
1926-03,0.13096148,-0.011925611,0.27384856
1926-04,-0.1655974,-0.3161874,-0.01500737
1926-05,-0.20570293,-0.35072803,-0.060677838
1926-06,-0.13484584,-0.27971628,0.0100246025
1926-07,-0.09369968,-0.24353218,0.056132838
1926-08,0.020893207,-0.122549534,0.16433595
1926-09,0.032610156,-0.110684276,0.17590459
1926-10,0.10830125,-0.03742741,0.25402993
1926-11,0.06259415,-0.09889767,0.22408599
1926-12,-0.28511003,-0.43874672,-0.13147332
1927-01,-0.31331807,-0.4622323,-0.16440387
1927-02,-0.10962871,-0.24245648,0.023199074
1927-03,-0.44727737,-0.58718586,-0.3073689
1927-04,-0.26760682,-0.4026163,-0.13259737
1927-05,-0.087041914,-0.21802342,0.043939598
1927-06,-0.10677094,-0.23762028,0.0240784
1927-07,-0.05221735,-0.18596807,0.081533365
1927-08,-0.03402716,-0.16150576,0.09345143
1927-09,0.07768797,-0.04822162,0.20359758
1927-10,0.27367684,0.13700944,0.4103442
1927-11,0.118036345,-0.019918643,0.25599134
1927-12,-0.33369222,-0.4863953,-0.18098916
1928-01,0.17268373,0.012019027,0.33334845
1928-02,0.040005907,-0.1166279,0.19663972
1928-03,-0.27107957,-0.42098927,-0.12116986
1928-04,-0.21732086,-0.3662358,-0.068405904
1928-05,-0.15386459,-0.30012494,-0.007604241
1928-06,-0.24067377,-0.38179216,-0.09955538
1928-07,-0.08130364,-0.22533533,0.06272804
1928-08,-0.0996819,-0.24319291,0.043829124
1928-09,-0.073538974,-0.21559814,0.06852018
1928-10,-0.02920633,-0.17437987,0.115967214
1928-11,-0.04014163,-0.18795823,0.107674964
1928-12,-0.054842763,-0.21047638,0.10079086
1929-01,-0.5307706,-0.68158734,-0.37995392
1929-02,-0.7087213,-0.8579907,-0.5594519
1929-03,-0.37085444,-0.5165997,-0.22510916
1929-04,-0.3363319,-0.4838443,-0.18881948
1929-05,-0.3173718,-0.45530707,-0.17943653
1929-06,-0.36276853,-0.502217,-0.22332008
1929-07,-0.34657067,-0.48867226,-0.20446908
1929-08,-0.08505958,-0.22396578,0.053846624
1929-09,-0.14628164,-0.28122422,-0.011339049
1929-10,-0.035945673,-0.17491929,0.10302795
1929-11,-0.114883706,-0.2617329,0.0319655
1929-12,-0.68356204,-0.8339132,-0.53321093
1930-01,-0.1964553,-0.3098931,-0.08301749
1930-02,-0.25647807,-0.36990497,-0.14305113
1930-03,-0.061793726,-0.16344626,0.039858814
1930-04,-0.15929933,-0.2583028,-0.06029585
1930-05,-0.2003156,-0.2960646,-0.10456661
1930-06,-0.1328554,-0.22485831,-0.04085248
1930-07,0.017515672,-0.07834051,0.11337185
1930-08,0.10969681,0.017548092,0.20184554
1930-09,0.056751642,-0.034773517,0.1482768
1930-10,0.07059294,-0.032867283,0.17405316
1930-11,0.32419646,0.21525684,0.43313608
1930-12,0.0682972,-0.04263968,0.17923407
1931-01,-0.05831195,-0.1753757,0.058751795
1931-02,-0.35695213,-0.4593377,-0.25456655
1931-03,-0.04629393,-0.14723064,0.054642774
1931-04,-0.12262683,-0.21930376,-0.025949903
1931-05,-0.099138476,-0.18883254,-0.009444412
1931-06,0.17753555,0.08943297,0.26563814
1931-07,0.14672643,0.05337395,0.2400789
1931-08,0.17012236,0.07645726,0.26378745
1931-09,0.19920143,0.10768596,0.2907169
1931-10,0.31553203,0.21183813,0.41922596
1931-11,0.12258605,0.008108556,0.23706354
1931-12,0.10197306,-0.012831527,0.21677765
1932-01,0.31846324,0.20662436,0.4303021
1932-02,-0.18924165,-0.30034667,-0.078136615
1932-03,-0.2402145,-0.35355005,-0.12687893
1932-04,0.11558393,0.017070439,0.21409743
1932-05,-0.07817524,-0.17352419,0.017173706
1932-06,-0.09182305,-0.18146303,-0.002183064
1932-07,-0.050708167,-0.1496796,0.048263263
1932-08,-0.030545013,-0.12581132,0.0647213
1932-09,0.16448085,0.073937595,0.2550241
1932-10,0.12658376,0.026663322,0.22650419
1932-11,-0.29791364,-0.41617683,-0.17965049
1932-12,-0.19569236,-0.31033286,-0.081051834
1933-01,-0.2919296,-0.40235707,-0.1815021
1933-02,-0.34089893,-0.4609708,-0.22082709
1933-03,-0.39787996,-0.4994218,-0.2963381
1933-04,-0.18426895,-0.27961963,-0.08891828
1933-05,-0.246329,-0.33691454,-0.15574344
1933-06,-0.33210903,-0.42436284,-0.23985524
1933-07,-0.1164173,-0.20522732,-0.027607292
1933-08,-0.047221884,-0.13417618,0.039732408
1933-09,-0.2648321,-0.34622315,-0.18344107
1933-10,-0.16638178,-0.2621074,-0.07065616
1933-11,-0.30088398,-0.4031074,-0.19866055
1933-12,-0.49146402,-0.60200816,-0.3809199
1934-01,-0.249119,-0.35476896,-0.14346904
1934-02,0.25397363,0.15720163,0.35074565
1934-03,-0.4556739,-0.5490592,-0.3622886
1934-04,-0.3549096,-0.44665968,-0.2631595
1934-05,-0.025263734,-0.10981705,0.059289586
1934-06,-0.04858368,-0.13179316,0.034625802
1934-07,-0.08122124,-0.16833206,0.0058895866
1934-08,-0.073556505,-0.15783924,0.010726233
1934-09,-0.084018484,-0.1669058,-0.0011311619
1934-10,0.10832233,0.019005949,0.19763872
1934-11,0.28960276,0.19340543,0.38580006
1934-12,0.079616085,-0.024196956,0.18342912
1935-01,-0.41817677,-0.5229915,-0.31336206
1935-02,0.47177544,0.3755471,0.5680038
1935-03,-0.019687023,-0.113469094,0.07409505
1935-04,-0.2884077,-0.38156027,-0.19525513
1935-05,-0.26632637,-0.35112432,-0.18152845
1935-06,-0.10282081,-0.18410778,-0.02153384
1935-07,9.540513e-05,-0.08585882,0.08604963
1935-08,0.021768915,-0.060256124,0.10379395
1935-09,-0.056034584,-0.13922831,0.027159145
1935-10,0.14046246,0.053001676,0.22792323
1935-11,-0.34283808,-0.4370328,-0.24864335
1935-12,-0.1784178,-0.27777705,-0.07905855
1936-01,-0.38863906,-0.4876016,-0.2896765
1936-02,-0.44108996,-0.53448206,-0.34769785
1936-03,-0.25631726,-0.35332307,-0.15931144
1936-04,-0.059259813,-0.14296642,0.024446793
1936-05,-0.03482247,-0.11570443,0.04605948
1936-06,0.020888459,-0.057785515,0.09956243
1936-07,0.080999695,-0.0006378398,0.16263723
1936-08,0.07680478,-0.0014843021,0.15509386
1936-09,0.060078185,-0.0199521,0.14010847
1936-10,0.028555218,-0.061296545,0.11840698
1936-11,0.11170826,0.02356596,0.19985056
1936-12,0.06914813,-0.024500133,0.1627964
1937-01,-0.003999379,-0.10884823,0.10084947
1937-02,0.23497805,0.12956116,0.34039494
1937-03,-0.2642879,-0.35904157,-0.16953418
1937-04,-0.051782064,-0.14872614,0.045162007
1937-05,0.09764123,0.012551345,0.18273112
1937-06,0.15220273,0.071849,0.23255645
1937-07,0.13647892,0.05401922,0.2189386
1937-08,0.17630285,0.0949837,0.257622
1937-09,0.32486448,0.24385986,0.4058691
1937-10,0.3489342,0.25869128,0.4391771
1937-11,0.25132713,0.15208225,0.350572
1937-12,0.058533777,-0.043574866,0.16064242
1938-01,0.28828153,0.19532757,0.3812355
1938-02,0.24384277,0.14849725,0.33918828
1938-03,0.14453745,0.0562901,0.23278478
1938-04,0.2772141,0.19421601,0.3602122
1938-05,0.024044802,-0.052967846,0.101057455
1938-06,-0.045477647,-0.12761664,0.03666134
1938-07,0.060158905,-0.024128726,0.14444654
1938-08,0.1442447,0.06272282,0.2257666
1938-09,0.21196349,0.13267104,0.29125592
1938-10,0.33956033,0.25410166,0.42501897
1938-11,0.33094475,0.24371302,0.41817647
1938-12,-0.105457686,-0.20469171,-0.006223659
1939-01,-0.075451665,-0.17487723,0.023973888
1939-02,-0.065673225,-0.16589747,0.034551017
1939-03,-0.34457612,-0.44066456,-0.24848768
1939-04,-0.07363731,-0.16283485,0.015560233
1939-05,0.005571364,-0.0787196,0.08986233
1939-06,-0.00694977,-0.08510496,0.071205415
1939-07,0.019261912,-0.059968878,0.098492704
1939-08,0.10336092,0.022677794,0.18404403
1939-09,0.14254391,0.048188128,0.2368997
1939-10,0.028429309,-0.06943447,0.1262931
1939-11,0.19936414,0.09843988,0.3002884
1939-12,0.70845085,0.596334,0.8205677
1940-01,-0.03046828,-0.13568711,0.07475055
1940-02,0.10644872,0.0043298174,0.20856762
1940-03,-0.047970474,-0.1411756,0.045234654
1940-04,0.25403798,0.1592264,0.3488496
1940-05,0.09914154,0.0042026457,0.19408044
1940-06,0.05352551,-0.040441476,0.1474925
1940-07,0.11284537,0.025561862,0.20012888
1940-08,0.08495733,-0.004883984,0.17479865
1940-09,0.19145083,0.09478423,0.28811744
1940-10,0.23930253,0.14135674,0.33724833
1940-11,0.16295661,0.058243126,0.2676701
1940-12,0.23754205,0.12798911,0.34709498
1941-01,0.0032650242,-0.16197957,0.16850962
1941-02,0.2620466,0.10033784,0.42375538
1941-03,-0.106508516,-0.26978946,0.05677241
1941-04,0.008196042,-0.15491639,0.17130849
1941-05,0.07960715,-0.0829307,0.24214502
1941-06,0.095027,-0.0623027,0.2523567
1941-07,0.16132008,-0.0054101613,0.32805032
1941-08,0.09678119,-0.06968402,0.2632464
1941-09,0.020680273,-0.14376363,0.18512419
1941-10,0.33537623,0.16746214,0.5032903
1941-11,-0.046008512,-0.21998094,0.12796392
1941-12,-0.0038987568,-0.1839731,0.17617558
1942-01,0.3141524,0.15524149,0.4730633
1942-02,-0.03238231,-0.19257051,0.12780589
1942-03,-0.11492947,-0.26392868,0.03406974
1942-04,0.021512099,-0.13529363,0.17831783
1942-05,0.12116406,-0.04016355,0.28249168
1942-06,0.079023056,-0.07736221,0.23540834
1942-07,0.0015614277,-0.15884307,0.16196592
1942-08,-0.09897274,-0.25683358,0.058888115
1942-09,0.07196941,-0.09150083,0.23543966
1942-10,0.14880717,-0.012019037,0.30963337
1942-11,0.13933751,-0.02962532,0.30830035
1942-12,0.07045127,-0.08705144,0.22795397
1943-01,-0.25780198,-0.42841017,-0.087193765
1943-02,0.1733311,0.007115513,0.33954668
1943-03,-0.14390841,-0.3106856,0.022868786
1943-04,0.21714744,0.060502347,0.37379253
1943-05,0.19206432,0.03803043,0.34609818
1943-06,-0.110338226,-0.26879072,0.048114274
1943-07,0.033313878,-0.1263921,0.19301985
1943-08,0.13493499,-0.023396462,0.29326645
1943-09,0.110250354,-0.046986446,0.26748717
1943-10,0.40353063,0.23830718,0.5687541
1943-11,0.29515302,0.119654186,0.47065187
1943-12,0.30187157,0.13004126,0.4737019
1944-01,0.5753568,0.40706447,0.74364907
1944-02,0.3017028,0.13550323,0.46790236
1944-03,0.20616841,0.049193487,0.36314335
1944-04,0.09117896,-0.073519,0.25587693
1944-05,0.22225355,0.05900189,0.3855052
1944-06,0.09436879,-0.071772136,0.26050973
1944-07,0.10502169,-0.05799992,0.2680433
1944-08,0.1587222,-0.006745493,0.3241899
1944-09,0.26591882,0.10824024,0.42359743
1944-10,0.39956823,0.23495293,0.56418353
1944-11,0.16427743,-0.0003195707,0.32887444
1944-12,0.056246344,-0.10916384,0.22165653
1945-01,0.15514912,-0.01999977,0.330298
1945-02,-0.06453615,-0.24386549,0.1147932
1945-03,-0.018251874,-0.1877321,0.15122835
1945-04,0.24830645,0.07728351,0.41932938
1945-05,0.045696758,-0.13018437,0.22157788
1945-06,0.09190763,-0.07731133,0.26112658
1945-07,0.038230967,-0.13039674,0.20685868
1945-08,0.24949756,0.082593076,0.41640204
1945-09,0.15050481,-0.011262127,0.31227174
1945-10,0.25290745,0.09399285,0.41182208
1945-11,0.089150704,-0.07619439,0.2544958
1945-12,-0.23614936,-0.40126976,-0.071028955
1946-01,0.23062593,0.09384754,0.3674043
1946-02,0.026414445,-0.1031427,0.15597159
1946-03,-0.053022727,-0.18234062,0.07629516
1946-04,0.19049953,0.06566009,0.31533897
1946-05,0.0035978488,-0.12174626,0.12894195
1946-06,-0.12749839,-0.2512274,-0.003769362
1946-07,-0.06411308,-0.1853074,0.057081237
1946-08,-0.045909148,-0.16139364,0.06957534
1946-09,-0.045207676,-0.16708134,0.076666
1946-10,0.030715508,-0.096862204,0.15829322
1946-11,0.09686979,-0.032827947,0.22656752
1946-12,-0.3806604,-0.51020545,-0.25111535
1947-01,-0.111578085,-0.22926232,0.0061061527
1947-02,0.018654551,-0.09364701,0.13095611
1947-03,0.16684653,0.052969206,0.28072387
1947-04,0.092697956,-0.02235384,0.20774975
1947-05,-0.05636257,-0.16750772,0.054782595
1947-06,-0.08636808,-0.19609782,0.023361668
1947-07,-0.0272339,-0.13689964,0.08243183
1947-08,-0.04030727,-0.1523492,0.07173467
1947-09,0.0037595506,-0.10776587,0.11528497
1947-10,0.37540257,0.25707868,0.4937265
1947-11,0.24870333,0.12186684,0.3755398
1947-12,-0.053701952,-0.18060884,0.073204935
1948-01,0.26971364,0.15847343,0.38095385
1948-02,-0.18207137,-0.30481997,-0.059322797
1948-03,-0.2963157,-0.40521783,-0.18741356
1948-04,0.022253124,-0.10124216,0.1457484
1948-05,0.19835478,0.08454287,0.3121667
1948-06,0.11297954,0.016362747,0.20959634
1948-07,0.027849043,-0.07994605,0.13564414
1948-08,0.118045725,0.01580308,0.22028837
1948-09,0.009057421,-0.092253454,0.1103683
1948-10,0.10915943,0.0021062037,0.21621266
1948-11,0.029728103,-0.08714064,0.14659685
1948-12,-0.4280989,-0.5466551,-0.30954266
1949-01,0.16792051,0.07234621,0.26349482
1949-02,-0.20703387,-0.3053512,-0.10871656
1949-03,-0.030876355,-0.1165017,0.054748982
1949-04,-0.04497378,-0.13644062,0.04649307
1949-05,-0.039198913,-0.1297902,0.05139238
1949-06,-0.20636444,-0.2931163,-0.119612575
1949-07,-0.20347951,-0.2856933,-0.12126572
1949-08,0.020327337,-0.06265077,0.103305444
1949-09,-0.12533258,-0.20843652,-0.04222864
1949-10,0.078177504,-0.0078071277,0.16416214
1949-11,-0.04578051,-0.13161212,0.0400511
1949-12,-0.17353243,-0.26135013,-0.08571471
1950-01,-0.36006084,-0.4489779,-0.2711438
1950-02,-0.37136877,-0.45969754,-0.28304
1950-03,-0.09057768,-0.16831015,-0.012845203
1950-04,-0.22750072,-0.3067205,-0.14828095
1950-05,-0.06785309,-0.1382035,0.002497321
1950-06,-0.10931291,-0.17998572,-0.0386401
1950-07,-0.20948543,-0.27622887,-0.14274196
1950-08,-0.17434889,-0.2397965,-0.108901285
1950-09,-0.14949347,-0.21474132,-0.08424564
1950-10,-0.10558482,-0.17764424,-0.033525407
1950-11,-0.334326,-0.41009247,-0.25855955
1950-12,-0.09079926,-0.16866736,-0.012931162
1951-01,-0.35499218,-0.4207631,-0.28922123
1951-02,-0.57827276,-0.6492372,-0.5073083
1951-03,-0.22074232,-0.28279957,-0.15868507
1951-04,0.050094645,-0.014248253,0.11443754
1951-05,0.16177906,0.10186246,0.22169568
1951-06,0.07206356,0.014619064,0.12950805
1951-07,0.12974599,0.069900975,0.18959099
1951-08,0.27789754,0.22254942,0.3332457
1951-09,0.35770473,0.3013812,0.41402826
1951-10,0.32932627,0.26529157,0.393361
1951-11,0.06989918,0.005984883,0.13381347
1951-12,0.3516863,0.28922066,0.41415197
1952-01,0.16347295,0.096674375,0.23027153
1952-02,0.13050744,0.06272194,0.19829293
1952-03,-0.27452093,-0.34308344,-0.20595844
1952-04,0.15061432,0.087786466,0.21344216
1952-05,0.18093823,0.1154206,0.24645586
1952-06,0.16961494,0.106046334,0.23318356
1952-07,0.14283167,0.08413173,0.20153162
1952-08,0.1062041,0.047648005,0.1647602
1952-09,0.18749179,0.12523355,0.24975002
1952-10,0.028179133,-0.036276083,0.09263435
1952-11,-0.19335753,-0.26116535,-0.12554972
1952-12,0.045832757,-0.023812136,0.11547765
1953-01,0.17285328,0.10128234,0.24442421
1953-02,0.288495,0.21858545,0.35840458
1953-03,0.16260996,0.09294072,0.23227921
1953-04,0.45976332,0.39220828,0.52731836
1953-05,0.2645163,0.20171618,0.32731637
1953-06,0.19804609,0.13527596,0.26081622
1953-07,0.18767226,0.1314752,0.24386933
1953-08,0.17725365,0.11468209,0.23982522
1953-09,0.15020545,0.086043976,0.21436691
1953-10,0.22279747,0.15658577,0.28900915
1953-11,0.06827929,-0.0013198784,0.13787846
1953-12,0.1264571,0.05373792,0.19917627
1954-01,-0.28311378,-0.34793103,-0.2182965
1954-02,-0.036179278,-0.097979285,0.025620725
1954-03,-0.22999787,-0.29255253,-0.16744322
1954-04,-0.016633317,-0.07854788,0.045281246
1954-05,-0.096462145,-0.1519034,-0.041020885
1954-06,-0.022643808,-0.0778195,0.03253188
1954-07,-0.105468184,-0.16118811,-0.04974827
1954-08,0.016728718,-0.04446457,0.07792201
1954-09,0.05742236,-0.00244307,0.117287785
1954-10,0.14147925,0.07812427,0.20483424
1954-11,0.29790404,0.2358979,0.35991022
1954-12,-0.09644878,-0.1671268,-0.025770752
1955-01,0.38796863,0.3181816,0.45775568
1955-02,-0.20210111,-0.274803,-0.1293992
1955-03,-0.54105735,-0.60482913,-0.4772856
1955-04,-0.20537794,-0.27081594,-0.13993993
1955-05,-0.1472794,-0.20689666,-0.08766212
1955-06,-0.068968244,-0.1273042,-0.0106322905
1955-07,-0.10972936,-0.16985613,-0.04960258
1955-08,0.005442583,-0.051210023,0.06209519
1955-09,-0.06314544,-0.124752454,-0.0015384196
1955-10,0.078017324,0.012203919,0.14383073
1955-11,-0.33389774,-0.3991603,-0.26863518
1955-12,-0.30692106,-0.37502855,-0.23881358
1956-01,-0.08737204,-0.15798873,-0.016755357
1956-02,-0.2932593,-0.35967708,-0.22684152
1956-03,-0.33091742,-0.39366525,-0.26816955
1956-04,-0.2772505,-0.3417737,-0.2127273
1956-05,-0.3610431,-0.4238083,-0.2982779
1956-06,-0.25057474,-0.3076794,-0.19347008
1956-07,-0.27460557,-0.33174577,-0.21746537
1956-08,-0.29303077,-0.35271674,-0.23334481
1956-09,-0.36652836,-0.42739654,-0.30566016
1956-10,-0.32899883,-0.39235488,-0.26564276
1956-11,-0.30615467,-0.3702241,-0.24208523
1956-12,-0.17981678,-0.24525955,-0.11437403
1957-01,-0.2175214,-0.284626,-0.15041679
1957-02,-0.14878947,-0.21521823,-0.082360685
1957-03,-0.27777997,-0.34016955,-0.21539041
1957-04,-0.10773452,-0.16435334,-0.0511157
1957-05,-0.08629151,-0.14082174,-0.03176127
1957-06,0.03902303,-0.013925611,0.09197167
1957-07,0.036081877,-0.01922225,0.091386005
1957-08,0.12293518,0.069124,0.17674637
1957-09,0.06974671,0.015996467,0.12349696
1957-10,0.0028996472,-0.05536834,0.061167635
1957-11,0.007369377,-0.055229113,0.069967866
1957-12,0.13084722,0.06692988,0.19476454
1958-01,0.52519894,0.46348527,0.58691263
1958-02,0.1923897,0.13048786,0.25429153
1958-03,0.07571285,0.018207155,0.13321854
1958-04,-0.040890772,-0.095055565,0.013274027
1958-05,0.020716382,-0.028772784,0.07020555
1958-06,0.012476821,-0.03780201,0.06275565
1958-07,-0.008229763,-0.057546686,0.04108716
1958-08,0.10175144,0.05098036,0.15252252
1958-09,0.0047441544,-0.04705519,0.056543496
1958-10,0.035745874,-0.014934687,0.08642644
1958-11,-0.04250932,-0.10080534,0.015786704
1958-12,0.11524215,0.051775396,0.17870891
1959-01,0.20581906,0.14831483,0.26332325
1959-02,0.09984006,0.04543108,0.15424903
1959-03,0.13146405,0.07570073,0.18722735
1959-04,0.1068875,0.05218955,0.16158545
1959-05,-0.008791688,-0.06319109,0.04560772
1959-06,0.07092343,0.023066012,0.11878086
1959-07,-0.024115527,-0.07208983,0.02385877
1959-08,0.036376912,-0.011269027,0.08402286
1959-09,0.08892405,0.035854246,0.14199387
1959-10,-0.056860156,-0.11303353,-0.00068677776
1959-11,-0.06532141,-0.12205102,-0.008591797
1959-12,-0.020238226,-0.078852944,0.03837649
1960-01,0.027680593,-0.026702255,0.082063444
1960-02,0.32769033,0.27247164,0.38290906
1960-03,-0.5150217,-0.5660064,-0.46403688
1960-04,-0.23439252,-0.27812016,-0.19066489
1960-05,-0.034866016,-0.08091845,0.011186423
1960-06,0.10313961,0.057836894,0.14844231
1960-07,0.050231356,0.0052479133,0.0952148
1960-08,0.05857041,0.014347764,0.10279305
1960-09,0.080378085,0.035240937,0.12551524
1960-10,-0.014116744,-0.06274331,0.034509826
1960-11,-0.1700929,-0.22298211,-0.11720368
1960-12,0.3255573,0.27482328,0.37629128
1961-01,0.054229323,0.0045531867,0.10390546
1961-02,0.16010109,0.1120261,0.20817608
1961-03,-0.02322464,-0.06615076,0.019701477
1961-04,0.077293135,0.032304116,0.12228215
1961-05,0.0011240041,-0.03898253,0.041230537
1961-06,0.09230679,0.05223969,0.1323739
1961-07,0.006007563,-0.032242637,0.044257764
1961-08,-0.0150314635,-0.053023387,0.02296046
1961-09,-0.14607452,-0.1862237,-0.10592534
1961-10,-0.12997627,-0.17008883,-0.0898637
1961-11,0.012792757,-0.03349935,0.059084862
1961-12,-0.17031725,-0.21663202,-0.12400248
1962-01,0.17945412,0.12806334,0.2308449
1962-02,0.22126345,0.16833854,0.27418834
1962-03,0.19360912,0.1506185,0.23659974
1962-04,0.13197018,0.08655843,0.17738193
1962-05,-0.05205551,-0.09675904,-0.0073519833
1962-06,-0.18112157,-0.22211733,-0.14012583
1962-07,0.03923718,-0.00187927,0.080353625
1962-08,-0.020567397,-0.05761485,0.01648006
1962-09,-0.08375545,-0.123354144,-0.044156753
1962-10,0.039280187,-0.0046213297,0.0831817
1962-11,0.06404578,0.016654713,0.111436844
1962-12,0.047108088,-0.0014967184,0.09571289
1963-01,0.05639919,0.0051252693,0.10767311
1963-02,0.3670329,0.31386918,0.4201966
1963-03,-0.36273357,-0.41249326,-0.3129739
1963-04,-0.04972788,-0.09284675,-0.006609009
1963-05,-0.12270487,-0.16729254,-0.07811721
1963-06,-0.10148731,-0.13929076,-0.06368385
1963-07,0.07622213,0.031166364,0.1212779
1963-08,0.13748114,0.09229681,0.18266547
1963-09,0.09620765,0.048070624,0.14434467
1963-10,0.33738402,0.28737837,0.38738966
1963-11,0.3498772,0.2964895,0.4032649
1963-12,0.060420204,0.008032118,0.11280829
1964-01,-0.08495314,-0.13747971,-0.03242656
1964-02,-0.11871747,-0.16425054,-0.07318439
1964-03,-0.5103681,-0.5542861,-0.46645007
1964-04,-0.4058014,-0.44868335,-0.3629194
1964-05,-0.21656495,-0.25583673,-0.17729315
1964-06,-0.13832968,-0.17856877,-0.09809061
1964-07,-0.17864123,-0.21697782,-0.14030463
1964-08,-0.25811452,-0.2970236,-0.21920545
1964-09,-0.32649356,-0.36839062,-0.2845965
1964-10,-0.33438343,-0.38165668,-0.28711018
1964-11,-0.28687114,-0.33696958,-0.23677266
1964-12,-0.27278584,-0.32046515,-0.22510654
1965-01,-0.085598126,-0.14067091,-0.030525343
1965-02,-0.43348324,-0.4855909,-0.38137558
1965-03,-0.19691527,-0.24161953,-0.152211
1965-04,-0.31534863,-0.3594865,-0.27121076
1965-05,-0.22247835,-0.2668617,-0.17809497
1965-06,-0.2665176,-0.30852896,-0.22450626
1965-07,-0.23096915,-0.27167127,-0.19026704
1965-08,-0.21966033,-0.2644086,-0.17491208
1965-09,-0.23816107,-0.2853731,-0.19094907
1965-10,-0.020266742,-0.06895274,0.028419258
1965-11,0.017513445,-0.034393054,0.06941994
1965-12,-0.1297064,-0.18296406,-0.07644874
1966-01,-0.27032188,-0.32741395,-0.21322979
1966-02,-0.09289439,-0.14620924,-0.03957954
1966-03,-0.17969117,-0.22539915,-0.1339832
1966-04,-0.273216,-0.32037556,-0.22605647
1966-05,-0.15309197,-0.19849505,-0.107688904
1966-06,-0.012370773,-0.054842032,0.030100489
1966-07,0.028018259,-0.014550365,0.07058688
1966-08,0.121407695,0.078095935,0.16471945
1966-09,0.05768994,0.012710033,0.10266984
1966-10,-0.13593759,-0.1881269,-0.083748266
1966-11,-0.052670516,-0.10271359,-0.0026274365
1966-12,-0.10444147,-0.15860783,-0.050275117
1967-01,-0.2709983,-0.32171598,-0.22028063
1967-02,-0.44488066,-0.49687183,-0.39288947
1967-03,0.041608535,-0.0043855864,0.08760266
1967-04,0.00811492,-0.037016854,0.05324669
1967-05,0.16431348,0.1245343,0.20409267
1967-06,-0.08119387,-0.122280315,-0.040107425
1967-07,-0.022512663,-0.06300975,0.017984418
1967-08,-0.008868364,-0.044812504,0.027075777
1967-09,-0.065788366,-0.10524763,-0.0263291
1967-10,0.2541415,0.21195036,0.2963327
1967-11,-0.05114153,-0.09368233,-0.008600731
1967-12,0.007612942,-0.03493511,0.050160993
1968-01,-0.34540352,-0.39010513,-0.30070192
1968-02,-0.21524768,-0.26097414,-0.16952121
1968-03,0.25456142,0.21305707,0.29606575
1968-04,-0.096759595,-0.13620834,-0.05731084
1968-05,-0.103915,-0.13890284,-0.06892716
1968-06,-0.09132282,-0.12764324,-0.055002384
1968-07,-0.14353211,-0.1761947,-0.110869534
1968-08,-0.122895405,-0.15613303,-0.089657776
1968-09,-0.09246217,-0.12713775,-0.05778659
1968-10,-0.0694437,-0.10740492,-0.03148249
1968-11,-0.2792129,-0.32044202,-0.23798375
1968-12,-0.3652261,-0.40474215,-0.32571003
1969-01,-0.41140166,-0.4588016,-0.3640017
1969-02,-0.47832096,-0.5264687,-0.43017322
1969-03,-0.3031456,-0.3436456,-0.26264557
1969-04,-0.08105628,-0.12073284,-0.04137972
1969-05,-0.0035407208,-0.039369415,0.032287974
1969-06,-0.13145505,-0.16700013,-0.095909975
1969-07,-0.047141507,-0.080686904,-0.013596107
1969-08,-0.04005461,-0.07588978,-0.004219438
1969-09,-0.027696483,-0.06511646,0.009723493
1969-10,-0.041957464,-0.08260559,-0.0013093345
1969-11,0.072773665,0.03011147,0.11543585
1969-12,0.2889398,0.24731556,0.33056402
1970-01,-0.042814955,-0.08673539,0.0011054814
1970-02,0.12629966,0.08447936,0.16811995
1970-03,-0.18054019,-0.2193473,-0.14173308
1970-04,-0.12661669,-0.164545,-0.08868836
1970-05,-0.14760064,-0.18133625,-0.11386502
1970-06,-0.09289586,-0.1260505,-0.059741214
1970-07,-0.11612056,-0.14653212,-0.085709006
1970-08,-0.11760218,-0.14796479,-0.087239556
1970-09,-0.108525366,-0.14397818,-0.07307256
1970-10,-0.23978248,-0.27864623,-0.20091873
1970-11,-0.070833616,-0.11069701,-0.030970229
1970-12,-0.35296512,-0.39329928,-0.31263095
1971-01,-0.19665034,-0.24429704,-0.14900362
1971-02,-0.34420434,-0.3899234,-0.29848525
1971-03,-0.37327704,-0.4162723,-0.33028173
1971-04,-0.27874985,-0.31765383,-0.23984589
1971-05,-0.22322622,-0.25713933,-0.18931311
1971-06,-0.19855435,-0.23245008,-0.16465862
1971-07,-0.20148978,-0.2346289,-0.16835064
1971-08,-0.2501288,-0.28045827,-0.21979937
1971-09,-0.1820661,-0.21752883,-0.14660336
1971-10,-0.21094108,-0.24816327,-0.17371888
1971-11,-0.0742335,-0.11470731,-0.033759687
1971-12,-0.21403453,-0.25474143,-0.17332764
1972-01,-0.6880132,-0.73271286,-0.6433135
1972-02,-0.557914,-0.6026151,-0.5132129
1972-03,-0.20200486,-0.2448733,-0.15913643
1972-04,-0.19105,-0.22894128,-0.15315871
1972-05,-0.23130341,-0.26459593,-0.19801089
1972-06,-0.14599152,-0.17711096,-0.1148721
1972-07,-0.13049681,-0.16234869,-0.09864495
1972-08,-0.10008333,-0.13063844,-0.06952822
1972-09,-0.2599288,-0.29178035,-0.22807726
1972-10,-0.07662358,-0.11509514,-0.03815203
1972-11,-0.26853096,-0.30947235,-0.22758959
1972-12,-0.14666018,-0.18788508,-0.105435275
1973-01,0.024723388,-0.02042763,0.069874406
1973-02,0.25381538,0.21414894,0.29348183
1973-03,0.12849344,0.08706121,0.16992569
1973-04,0.14133643,0.10373132,0.17894152
1973-05,0.042592335,0.009569797,0.07561487
1973-06,0.09925771,0.06624649,0.13226894
1973-07,-0.03903037,-0.071112856,-0.0069478825
1973-08,-0.01937699,-0.050671425,0.011917445
1973-09,-0.12205175,-0.1514084,-0.09269509
1973-10,-0.098857604,-0.13391541,-0.0637998
1973-11,-0.08538852,-0.12561013,-0.0451669
1973-12,-0.06629769,-0.10664994,-0.025945442
1974-01,-0.39542106,-0.44093037,-0.34991175
1974-02,-0.4939944,-0.54144025,-0.44654858
1974-03,-0.1589564,-0.20236108,-0.115551695
1974-04,-0.16824575,-0.2120721,-0.124419406
1974-05,-0.24300148,-0.2782322,-0.20777078
1974-06,-0.22383332,-0.25951698,-0.18814968
1974-07,-0.1541972,-0.18871315,-0.119681254
1974-08,-0.117501885,-0.15134043,-0.08366334
1974-09,-0.15743285,-0.19489968,-0.119966015
1974-10,-0.25814784,-0.29922956,-0.2170661
1974-11,-0.27954525,-0.32106912,-0.23802139
1974-12,-0.3453227,-0.39140475,-0.29924062
1975-01,-0.038976923,-0.08229365,0.004339806
1975-02,0.04744504,0.0064975196,0.088392556
1975-03,-0.006330521,-0.046799604,0.03413856
1975-04,0.017877385,-0.02201193,0.057766702
1975-05,-0.048647963,-0.08229701,-0.014998909
1975-06,-0.08506739,-0.11588061,-0.054254178
1975-07,-0.1271204,-0.15775634,-0.09648448
1975-08,-0.15186745,-0.18184172,-0.12189318
1975-09,-0.13921303,-0.17246397,-0.10596207
1975-10,-0.22088109,-0.25750205,-0.18426013
1975-11,-0.34952942,-0.39141846,-0.30764034
1975-12,-0.2282753,-0.27127382,-0.18527678
1976-01,-0.03310916,-0.07582405,0.009605732
1976-02,-0.2636404,-0.30682644,-0.22045434
1976-03,-0.44831553,-0.49007225,-0.4065588
1976-04,-0.045292046,-0.08242803,-0.008156061
1976-05,-0.30937663,-0.34506032,-0.27369294
1976-06,-0.23193778,-0.26383352,-0.20004207
1976-07,-0.269533,-0.29929113,-0.23977488
1976-08,-0.2128057,-0.24222171,-0.18338968
1976-09,-0.093777575,-0.12392193,-0.06363322
1976-10,-0.4690863,-0.50647384,-0.43169877
1976-11,-0.33406714,-0.37511286,-0.29302144
1976-12,-0.31141028,-0.3488069,-0.2740137
1977-01,-0.11399858,-0.15912792,-0.068869226
1977-02,-0.018853977,-0.0650755,0.02736755
1977-03,0.049087238,0.0049889437,0.09318553
1977-04,0.16748674,0.124207266,0.21076621
1977-05,0.20412308,0.16473608,0.2435101
1977-06,0.22098134,0.18785816,0.25410455
1977-07,0.06397773,0.030609885,0.097345576
1977-08,0.036886644,0.0041141445,0.06965914
1977-09,0.14167103,0.10537954,0.17796253
1977-10,-0.032527734,-0.069076665,0.004021195
1977-11,0.23237301,0.18886554,0.2758805
1977-12,-0.0035612045,-0.04578419,0.03866178
1978-01,0.11962393,0.074441865,0.16480598
1978-02,0.0769446,0.034444064,0.11944513
1978-03,0.0911857,0.052778322,0.12959306
1978-04,0.038030498,-0.0022832372,0.07834423
1978-05,-0.09380334,-0.1298006,-0.057806082
1978-06,-0.17219318,-0.2052447,-0.13914166
1978-07,-0.10451135,-0.1368662,-0.072156504
1978-08,-0.170537,-0.20177399,-0.13930002
1978-09,-0.014026718,-0.04976188,0.021708444
1978-10,-0.046425123,-0.082089335,-0.010760911
1978-11,0.15094851,0.11074944,0.19114757
1978-12,-0.017995156,-0.056396108,0.020405794
1979-01,-0.008283976,-0.05398579,0.037417836
1979-02,-0.42833737,-0.47076955,-0.38590515
1979-03,-0.0066153845,-0.046245094,0.033014324
1979-04,-0.19613707,-0.23493075,-0.15734337
1979-05,-0.034571074,-0.06935277,0.00021061924
1979-06,0.035021152,0.0026471308,0.06739517
1979-07,0.070133135,0.039815407,0.10045087
1979-08,0.02927005,-0.0009780156,0.059518114
1979-09,0.15955523,0.12564987,0.1934606
1979-10,0.16648273,0.13022558,0.20273986
1979-11,0.14226998,0.0982454,0.18629457
1979-12,0.44418514,0.40045172,0.48791856
1980-01,0.19192429,0.14275607,0.2410925
1980-02,0.37782466,0.33306858,0.42258075
1980-03,-0.02488954,-0.06442288,0.014643804
1980-04,0.12433762,0.08546622,0.16320902
1980-05,0.19734205,0.15841328,0.23627082
1980-06,0.15601538,0.12355537,0.1884754
1980-07,0.13228737,0.09946064,0.16511409
1980-08,0.11451357,0.08316788,0.14585926
1980-09,0.058344275,0.022598011,0.094090536
1980-10,0.1508416,0.11141754,0.19026564
1980-11,0.14209627,0.099590555,0.18460198
1980-12,0.05104677,0.008380109,0.09371343
1981-01,0.7487377,0.70322007,0.79425526
1981-02,0.55794996,0.51925415,0.59664583
1981-03,0.50821036,0.46595797,0.5504628
1981-04,0.33565098,0.29754743,0.37375453
1981-05,0.15960994,0.122203186,0.1970167
1981-06,0.2611396,0.22670302,0.2955762
1981-07,0.1111668,0.07654334,0.14579026
1981-08,0.17179665,0.13398151,0.20961177
1981-09,0.13001488,0.09669344,0.16333632
1981-10,0.21710995,0.18104751,0.25317237
1981-11,0.3261999,0.28352955,0.36887023
1981-12,0.55197155,0.5017807,0.6021624
1982-01,-0.1466739,-0.19166234,-0.10168545
1982-02,0.117989734,0.07105564,0.16492383
1982-03,-0.11807711,-0.15901919,-0.077135034
1982-04,0.068687886,0.029666355,0.10770942
1982-05,-0.00050007954,-0.039589554,0.038589396
1982-06,-0.0074541247,-0.044572607,0.029664356
1982-07,0.019226363,-0.015767653,0.05422038
1982-08,-0.08583224,-0.121508785,-0.050155688
1982-09,0.033484425,-0.0010295416,0.06799839
1982-10,-0.0055354196,-0.04193059,0.03085975
1982-11,-0.2026244,-0.24607018,-0.15917861
1982-12,0.20877008,0.16391797,0.2536222
1983-01,0.36479098,0.31927168,0.41031024
1983-02,0.23972225,0.19286625,0.28657827
1983-03,0.22326423,0.1835503,0.26297817
1983-04,-0.002132382,-0.038397685,0.03413292
1983-05,-0.010739327,-0.046402063,0.024923408
1983-06,0.10246171,0.07179633,0.1331271
1983-07,0.19798124,0.16560626,0.23035623
1983-08,0.26075968,0.22998358,0.2915358
1983-09,0.25843084,0.22439125,0.2924704
1983-10,0.09379533,0.0542703,0.13332036
1983-11,0.45516834,0.41444126,0.49589542
1983-12,0.12305902,0.07575142,0.17036662
1984-01,0.19697618,0.1520013,0.24195105
1984-02,-0.10715679,-0.15025498,-0.064058594
1984-03,0.07316712,0.034007736,0.11232651
1984-04,-0.093563974,-0.13261746,-0.054510478
1984-05,0.18326175,0.14856215,0.21796134
1984-06,0.021947028,-0.008984006,0.05287806
1984-07,0.038595293,0.0065359413,0.070654646
1984-08,0.021196775,-0.012483245,0.054876793
1984-09,-0.016368303,-0.04995125,0.017214645
1984-10,0.008490441,-0.030415144,0.047396027
1984-11,-0.1941329,-0.23439872,-0.15386707
1984-12,-0.48787484,-0.52819914,-0.4475505
1985-01,0.056166474,0.010722074,0.10161088
1985-02,-0.32325783,-0.3685815,-0.27793416
1985-03,-0.15015906,-0.19533211,-0.104986034
1985-04,-0.15777647,-0.19674876,-0.11880419
1985-05,0.0030139214,-0.036692988,0.042720832
1985-06,0.036792018,0.0019141323,0.0716699
1985-07,-0.14854181,-0.18424948,-0.11283412
1985-08,-0.028581887,-0.06411658,0.0069528096
1985-09,0.0039896113,-0.03396218,0.0419414
1985-10,-0.026889332,-0.06576893,0.011990261
1985-11,0.016946036,-0.028079245,0.061971318
1985-12,0.093977205,0.04756496,0.14038944
1986-01,0.20388958,0.1591635,0.24861565
1986-02,0.29239845,0.24827123,0.33652568
1986-03,0.056342624,0.014882136,0.09780311
1986-04,0.11603152,0.077468075,0.15459497
1986-05,0.115917906,0.082481936,0.14935388
1986-06,0.07805131,0.044558205,0.11154441
1986-07,-0.038615517,-0.06869291,-0.00853813
1986-08,0.017822936,-0.01544999,0.051095862
1986-09,-0.012078224,-0.045507766,0.02135132
1986-10,0.0012583851,-0.035420317,0.037937086
1986-11,-0.057129614,-0.096131295,-0.018127933
1986-12,-0.029679405,-0.07203409,0.012675283
1987-01,0.14603585,0.10103966,0.19103202
1987-02,0.36944965,0.32398257,0.41491672
1987-03,-0.08692732,-0.12656638,-0.047288254
1987-04,0.011386626,-0.030060507,0.05283376
1987-05,0.18969451,0.15102191,0.22836709
1987-06,0.16422564,0.13041621,0.19803506
1987-07,0.26173133,0.22673513,0.2967275
1987-08,0.29511052,0.2607359,0.32948515
1987-09,0.33027604,0.2939228,0.3666293
1987-10,0.20022902,0.16216378,0.23829426
1987-11,0.02774813,-0.016259821,0.07175608
1987-12,0.43961924,0.3978004,0.4814381
1988-01,0.48536512,0.43880484,0.53192544
1988-02,0.3694429,0.32472926,0.4141566
1988-03,0.34234378,0.3012127,0.3834749
1988-04,0.4044279,0.36494935,0.44390643
1988-05,0.33809826,0.30238122,0.37381533
1988-06,0.3710754,0.3372468,0.40490398
1988-07,0.37718666,0.34530056,0.40907276
1988-08,0.24464478,0.2123587,0.27693084
1988-09,0.2523253,0.21573624,0.28891432
1988-10,0.20697536,0.16811049,0.24584022
1988-11,0.036756236,-0.0060851197,0.07959759
1988-12,0.35929263,0.31784672,0.40073857
1989-01,-0.079006344,-0.12508482,-0.032927867
1989-02,0.37456185,0.33113235,0.4179913
1989-03,0.25227344,0.21309575,0.2914511
1989-04,0.26026675,0.2205786,0.2999549
1989-05,0.17130515,0.1378031,0.2048072
1989-06,0.22040455,0.1877465,0.2530626
1989-07,0.30066085,0.26567084,0.33565083
1989-08,0.25622743,0.22314738,0.28930748
1989-09,0.24796125,0.21040112,0.2855214
1989-10,0.24642766,0.2055404,0.2873149
1989-11,0.057717826,0.0172248,0.09821085
1989-12,0.29960564,0.25438675,0.34482452
1990-01,0.3105069,0.26673263,0.35428116
1990-02,0.33000937,0.28462356,0.37539518
1990-03,1.0064251,0.964349,1.0485013
1990-04,0.6722897,0.6298065,0.7147729
1990-05,0.4961376,0.45719698,0.5350782
1990-06,0.47167093,0.4381114,0.5052305
1990-07,0.32884914,0.2938816,0.36381665
1990-08,0.3933061,0.36101198,0.4256002
1990-09,0.41761062,0.38447756,0.45074368
1990-10,0.4503423,0.4122435,0.4884411
1990-11,0.40267435,0.3596547,0.445694
1990-12,0.2880204,0.24401778,0.33202302
1991-01,0.46434304,0.42211846,0.5065676
1991-02,0.50491136,0.4564849,0.5533378
1991-03,0.3006742,0.26016712,0.34118125
1991-04,0.5365422,0.49667937,0.576405
1991-05,0.36483136,0.33034676,0.39931592
1991-06,0.45391297,0.42009175,0.4877342
1991-07,0.45839894,0.4222182,0.49457964
1991-08,0.35145512,0.31710336,0.38580686
1991-09,0.3538918,0.31936684,0.38841674
1991-10,0.3198851,0.27966383,0.3601064
1991-11,0.32119235,0.2783515,0.36403322
1991-12,0.19225326,0.14610408,0.23840246
1992-01,0.48298323,0.43774068,0.5282258
1992-02,0.40930802,0.3612613,0.45735472
1992-03,0.3616031,0.3186416,0.40456462
1992-04,0.07110116,0.03207624,0.110126086
1992-05,0.09746619,0.057359092,0.13757329
1992-06,0.02785973,-0.0093037095,0.06502317
1992-07,-0.04555916,-0.08152382,-0.009594499
1992-08,-0.059179153,-0.09378926,-0.024569051
1992-09,-0.16406627,-0.20152079,-0.12661174
1992-10,-0.10864013,-0.14833522,-0.06894505
1992-11,-0.09061293,-0.13214052,-0.049085345
1992-12,0.1806456,0.13609977,0.22519144
1993-01,0.33552542,0.28641903,0.38463184
1993-02,0.49708313,0.4549114,0.53925484
1993-03,0.26350725,0.22160983,0.30540466
1993-04,0.22297947,0.18311891,0.26284003
1993-05,0.250127,0.21281599,0.28743798
1993-06,0.25460806,0.21930581,0.28991032
1993-07,0.18190974,0.14710598,0.21671349
1993-08,0.061209656,0.027732272,0.094687045
1993-09,0.01868575,-0.016617049,0.05398855
1993-10,0.17358227,0.13516903,0.21199551
1993-11,-0.1359163,-0.17771557,-0.094117016
1993-12,0.18603566,0.140035,0.23203634
1994-01,0.27197263,0.2261086,0.31783667
1994-02,-0.029318685,-0.07581486,0.01717749
1994-03,0.33262488,0.29011372,0.37513602
1994-04,0.40602532,0.36944732,0.44260332
1994-05,0.31661084,0.2768882,0.35633346
1994-06,0.37074146,0.33462754,0.40685537
1994-07,0.27692133,0.24137779,0.31246486
1994-08,0.34353608,0.3097982,0.37727395
1994-09,0.33323553,0.29508162,0.37138942
1994-10,0.54001546,0.50236845,0.57766247
1994-11,0.4397953,0.39416665,0.4854239
1994-12,0.2765481,0.2318425,0.3212537
1995-01,0.6836464,0.6374233,0.7298695
1995-02,1.0604461,1.0132442,1.1076483
1995-03,0.4777501,0.43673423,0.518766
1995-04,0.7212582,0.68328536,0.7592311
1995-05,0.42909724,0.39414442,0.46405005
1995-06,0.5652927,0.5284695,0.60211587
1995-07,0.4106389,0.37645248,0.44482535
1995-08,0.5637681,0.5293094,0.5982268
1995-09,0.47032917,0.43443197,0.50622636
1995-10,0.5889097,0.54767245,0.630147
1995-11,0.578376,0.5330751,0.6236769
1995-12,0.27412006,0.22646481,0.32177532
1996-01,0.29603234,0.249062,0.34300268
1996-02,0.5826013,0.536097,0.6291057
1996-03,0.29866582,0.25755733,0.3397743
1996-04,0.21100155,0.17181787,0.2501852
1996-05,0.34937614,0.31240553,0.3863468
1996-06,0.25986946,0.22454746,0.29519147
1996-07,0.30656898,0.27099222,0.34214574
1996-08,0.19832937,0.16453281,0.23212594
1996-09,0.11553916,0.076219074,0.15485926
1996-10,0.10390628,0.063061155,0.1447514
1996-11,0.39150664,0.3463606,0.4366527
1996-12,0.38758892,0.34232837,0.43284944
1997-01,0.36884817,0.3230491,0.41464722
1997-02,0.5002929,0.45297918,0.5476066
1997-03,0.6107993,0.5640423,0.6575563
1997-04,0.5360264,0.490823,0.5812298
1997-05,0.45413625,0.4123628,0.49590972
1997-06,0.5627827,0.5241156,0.6014498
1997-07,0.5037023,0.46939898,0.53800565
1997-08,0.513773,0.47734717,0.5501989
1997-09,0.55146617,0.5165199,0.5864125
1997-10,0.7136584,0.6733848,0.753932
1997-11,0.62969124,0.5843535,0.6750289
1997-12,0.47146943,0.42723933,0.5156995
1998-01,0.602318,0.54998666,0.6546494
1998-02,0.93832815,0.8902831,0.9863732
1998-03,0.6373686,0.5924309,0.6823064
1998-04,0.90752494,0.8650624,0.9499875
1998-05,0.6756463,0.63730794,0.7139846
1998-06,0.75419647,0.7147247,0.79366827
1998-07,0.79136056,0.7549236,0.82779753
1998-08,0.79583037,0.7564585,0.8352023
1998-09,0.6463749,0.6064801,0.6862697
1998-10,0.5651642,0.5186893,0.61163914
1998-11,0.50228673,0.4548401,0.5497334
1998-12,0.75509465,0.7089773,0.8012121
1999-01,0.537159,0.49046025,0.58385783
1999-02,0.96000904,0.9089256,1.0110925
1999-03,0.21623835,0.17238031,0.2600964
1999-04,0.5133835,0.47277156,0.5539955
1999-05,0.37312335,0.33256218,0.4136845
1999-06,0.33442515,0.2969616,0.37188867
1999-07,0.3837337,0.34682402,0.42064333
1999-08,0.37046763,0.33746788,0.40346736
1999-09,0.4324336,0.39637566,0.46849155
1999-10,0.44613782,0.40460196,0.4876737
1999-11,0.48971832,0.44548807,0.5339486
1999-12,0.6595281,0.6169016,0.7021545
2000-01,0.33494765,0.28530186,0.38459343
2000-02,0.82267016,0.7733307,0.8720096
2000-03,0.7300434,0.6810112,0.7790756
2000-04,0.8579341,0.8184718,0.89739645
2000-05,0.52675515,0.49060258,0.56290776
2000-06,0.42816097,0.3931156,0.46320632
2000-07,0.44178027,0.40533206,0.47822848
2000-08,0.5119857,0.4780648,0.54590666
2000-09,0.40158415,0.36624044,0.43692786
2000-10,0.32597268,0.2870116,0.36493373
2000-11,0.21819161,0.17501901,0.2613642
2000-12,0.2448871,0.20127112,0.28850308
2001-01,0.5243447,0.47342458,0.5752649
2001-02,0.4332709,0.38352478,0.483017
2001-03,0.67392,0.6275648,0.7202752
2001-04,0.58455664,0.543537,0.6255762
2001-05,0.6164918,0.5729457,0.66003793
2001-06,0.51539135,0.47717965,0.553603
2001-07,0.6096397,0.573565,0.6457144
2001-08,0.66751176,0.63169384,0.7033297
2001-09,0.57567716,0.5347186,0.61663574
2001-10,0.6088694,0.56620497,0.6515338
2001-11,0.98341095,0.93781215,1.0290098
2001-12,0.7458314,0.70036644,0.7912963
2002-01,0.8608613,0.813534,0.9081886
2002-02,0.93491125,0.8900711,0.9797514
2002-03,0.99284273,0.95040876,1.0352767
2002-04,0.51676005,0.47172987,0.5617902
2002-05,0.47663674,0.43463188,0.51864165
2002-06,0.64729077,0.61157817,0.6830034
2002-07,0.6429876,0.60484546,0.68112975
2002-08,0.5716033,0.5329857,0.61022085
2002-09,0.6284346,0.59131134,0.66555786
2002-10,0.57483107,0.53459615,0.61506605
2002-11,0.72276115,0.6773873,0.768135
2002-12,0.4546502,0.4105866,0.49871382
2003-01,0.8806999,0.83513534,0.9262644
2003-02,0.4899901,0.4387239,0.54125625
2003-03,0.5696024,0.5248561,0.6143487
2003-04,0.59444505,0.5479036,0.6409865
2003-05,0.70993555,0.6676411,0.75223
2003-06,0.53117377,0.49351493,0.56883264
2003-07,0.6604497,0.6244861,0.6964132
2003-08,0.8043066,0.76708853,0.8415247
2003-09,0.7892218,0.75278413,0.8256596
2003-10,0.98068064,0.9399111,1.0214503
2003-11,0.6896597,0.6447745,0.7345449
2003-12,0.9454944,0.89767736,0.99331146
2004-01,0.66544247,0.6156257,0.71525925
2004-02,0.8354158,0.7861321,0.8846994
2004-03,0.73557866,0.6913069,0.7798505
2004-04,0.71571136,0.67463154,0.7567911
2004-05,0.489631,0.4482726,0.5309894
2004-06,0.4546646,0.41798776,0.49134138
2004-07,0.48965862,0.45217785,0.52713937
2004-08,0.57668453,0.5405177,0.61285144
2004-09,0.6179774,0.5807501,0.6552046
2004-10,0.67244786,0.6319523,0.7129434
2004-11,0.9360946,0.8906369,0.9815523
2004-12,0.4125713,0.36662865,0.45851398
2005-01,0.8589126,0.8095779,0.90824723
2005-02,0.6723138,0.6228937,0.721734
2005-03,0.8139549,0.7677154,0.86019444
2005-04,0.89132047,0.8474488,0.9351921
2005-05,0.79305047,0.75273895,0.8333619
2005-06,0.7807916,0.7439847,0.81759846
2005-07,0.772608,0.7368174,0.80839854
2005-08,0.71944505,0.6839001,0.7549899
2005-09,0.8800498,0.8436182,0.91648144
2005-10,0.9330592,0.8886093,0.97750914
2005-11,1.0369042,0.99411184,1.0796967
2005-12,0.8243839,0.77912855,0.86963934
2006-01,0.60264534,0.5489496,0.65634114
2006-02,0.8971733,0.8478132,0.9465333
2006-03,0.7228313,0.67326325,0.77239937
2006-04,0.614794,0.5711608,0.65842724
2006-05,0.74611676,0.7032096,0.78902394
2006-06,0.77800584,0.73985505,0.8161567
2006-07,0.6343427,0.59396267,0.67472273
2006-08,0.7398013,0.7039631,0.7756395
2006-09,0.80735284,0.7693752,0.8453305
2006-10,0.9538071,0.91123176,0.9963825
2006-11,0.9265247,0.8853683,0.9676811
2006-12,1.1137353,1.0670313,1.1604394
2007-01,1.313603,1.2639633,1.3632427
2007-02,0.8926391,0.84241545,0.9428628
2007-03,0.8083112,0.76069605,0.85592645
2007-04,1.1008457,1.0595152,1.1421763
2007-05,0.70182,0.65959126,0.7440487
2007-06,0.6461057,0.607841,0.6843704
2007-07,0.6934999,0.6597621,0.7272378
2007-08,0.7584869,0.72307515,0.7938987
2007-09,0.68266064,0.64490336,0.720418
2007-10,0.81120175,0.7702503,0.8521531
2007-11,0.81555575,0.77001405,0.8610975
2007-12,0.7604999,0.71255726,0.8084426
2008-01,0.28827983,0.24276116,0.33379853
2008-02,0.46977293,0.42390904,0.51563686
2008-03,0.9785003,0.93049127,1.0265093
2008-04,0.6419291,0.6014217,0.68243647
2008-05,0.6379026,0.59612536,0.67967993
2008-06,0.6231087,0.58680815,0.6594092
2008-07,0.63575447,0.5970797,0.6744293
2008-08,0.638109,0.6010958,0.67512226
2008-09,0.6296737,0.59028393,0.6690635
2008-10,0.89066494,0.8458416,0.93548834
2008-11,0.9606278,0.91570807,1.0055475
2008-12,0.66612697,0.619118,0.71313596
2009-01,0.84008974,0.7938548,0.88632464
2009-02,0.64479125,0.5953423,0.69424015
2009-03,0.49197575,0.44573906,0.5382124
2009-04,0.67809457,0.6318264,0.72436273
2009-05,0.57445633,0.5352656,0.613647
2009-06,0.6664386,0.62806845,0.7048087
2009-07,0.70080477,0.6643319,0.7372777
2009-08,0.72139865,0.6857194,0.75707793
2009-09,0.8586218,0.82048845,0.89675504
2009-10,0.81467694,0.7698916,0.85946226
2009-11,0.79498976,0.74873674,0.84124273
2009-12,0.69453776,0.64199346,0.74708205
2010-01,0.82424986,0.7764693,0.87203044
2010-02,0.94054943,0.88891405,0.9921849
2010-03,1.0480418,0.9987712,1.0973126
2010-04,1.1840972,1.1404761,1.2277182
2010-05,0.9395209,0.8985629,0.9804789
2010-06,0.8715959,0.83172184,0.91146994
2010-07,0.90611607,0.8707017,0.9415304
2010-08,0.88130283,0.8463064,0.9162993
2010-09,0.7011146,0.6661364,0.73609287
2010-10,0.9026661,0.86252433,0.9428079
2010-11,1.2115363,1.1673919,1.2556808
2010-12,0.62320566,0.574458,0.6719534
2011-01,0.5969355,0.549107,0.644764
2011-02,0.5093397,0.4622152,0.55646425
2011-03,0.810836,0.7631979,0.85847414
2011-04,0.830473,0.79012364,0.8708224
2011-05,0.6520108,0.6128284,0.6911932
2011-06,0.76115644,0.72649086,0.795822
2011-07,0.74547964,0.7066121,0.7843472
2011-08,0.75032365,0.7156612,0.78498614
2011-09,0.72733605,0.6890233,0.7656488
2011-10,0.8864073,0.8429387,0.92987597
2011-11,0.63469094,0.58619153,0.6831904
2011-12,0.79916346,0.74495137,0.85337555
2012-01,0.5948458,0.5420965,0.6475951
2012-02,0.59859973,0.5426872,0.65451235
2012-03,0.52307916,0.47539777,0.5707605
2012-04,0.99781984,0.95362335,1.0420163
2012-05,0.9409727,0.89854336,0.983402
2012-06,0.93979794,0.89872646,0.98086935
2012-07,0.86289394,0.8233212,0.90246665
2012-08,0.8076754,0.770615,0.8447359
2012-09,0.87313384,0.8339353,0.91233236
2012-10,0.8834954,0.8375816,0.92940915
2012-11,0.9308171,0.8849956,0.97663873
2012-12,0.45884886,0.4133229,0.5043748
2013-01,0.72541887,0.6730185,0.77781916
2013-02,0.65938705,0.60547173,0.7133024
2013-03,0.7656609,0.71863997,0.8126818
2013-04,0.7219174,0.6785954,0.7652394
2013-05,0.7716539,0.72773206,0.8155758
2013-06,0.7573328,0.7174327,0.79723287
2013-07,0.694519,0.653541,0.7354969
2013-08,0.7666993,0.7291568,0.80424184
2013-09,0.7522272,0.7147806,0.78967375
2013-10,0.8430725,0.80277044,0.8833745
2013-11,1.0602105,1.0141536,1.1062675
2013-12,0.80199087,0.74827224,0.85570943
2014-01,0.86913407,0.8149517,0.9233164
2014-02,0.6512126,0.5989399,0.70348525
2014-03,1.0571116,1.0054592,1.108764
2014-04,1.0283018,0.982911,1.0736927
2014-05,0.87943,0.83622843,0.9226315
2014-06,0.83661574,0.7966449,0.8765866
2014-07,0.8220929,0.78599477,0.858191
2014-08,0.9978482,0.96344554,1.0322509
2014-09,0.9110513,0.87518847,0.946914
2014-10,0.9868842,0.94343156,1.0303367
2014-11,0.8283037,0.7801279,0.87647957
2014-12,1.0255418,0.9776205,1.0734632
2015-01,1.0656847,1.0148073,1.116562
2015-02,1.0635245,1.0112898,1.1157591
2015-03,1.1110917,1.0575385,1.164645
2015-04,0.9945587,0.947677,1.0414404
2015-05,1.0156416,0.97219336,1.0590898
2015-06,1.0730667,1.0325567,1.1135769
2015-07,0.9586983,0.9215718,0.99582475
2015-08,1.0664476,1.0284379,1.1044574
2015-09,1.2136781,1.1730261,1.2543302
2015-10,1.271887,1.2272519,1.3165219
2015-11,1.3315372,1.2799689,1.3831055
2015-12,1.4042709,1.3493649,1.4591769
2016-01,1.4935338,1.4363649,1.5507028
2016-02,1.7432089,1.6921898,1.794228
2016-03,1.6370131,1.5938799,1.6801462
2016-04,1.4060589,1.3609766,1.4511412
2016-05,1.1161622,1.0715675,1.160757
2016-06,1.1511906,1.1128229,1.1895584
2016-07,1.0588902,1.0231632,1.0946174
2016-08,1.1369348,1.1002896,1.1735798
2016-09,1.2146738,1.1773702,1.2519773
2016-10,1.0219274,0.9809878,1.0628668
2016-11,1.0520233,1.0033914,1.1006552
2016-12,1.030699,0.9791093,1.0822887
2017-01,1.2971936,1.2438198,1.3505675
2017-02,1.3986348,1.3471525,1.4501171
2017-03,1.4145817,1.3660408,1.4631225
2017-04,1.1742365,1.1293184,1.2191548
2017-05,0.8800053,0.8392654,0.92074513
2017-06,0.89722335,0.86022586,0.93422085
2017-07,0.9693145,0.93442756,1.0042014
2017-08,1.051169,1.0143583,1.0879799
2017-09,0.97171855,0.9320495,1.0113876
2017-10,0.98604375,0.9447072,1.0273803
2017-11,1.1078347,1.0582314,1.1574379
2017-12,1.2368069,1.1873477,1.2862662
2018-01,0.99189454,0.93968844,1.0441008
2018-02,1.1438996,1.0875036,1.2002956
2018-03,1.0302682,0.9787093,1.0818273
2018-04,0.95821947,0.91175234,1.0046866
2018-05,0.8651192,0.8218388,0.9083996
2018-06,0.8771809,0.83399355,0.92036813
2018-07,0.8587528,0.8184825,0.89902306
2018-08,0.85923666,0.8197003,0.89877295
2018-09,0.87913394,0.8375228,0.920745
2018-10,1.1381326,1.0939863,1.1822789
2018-11,0.89353025,0.8397895,0.94727093
2018-12,1.0205723,0.9695727,1.0715718
2019-01,0.98259795,0.9267398,1.0384561
2019-02,0.99620956,0.93338555,1.0590336
2019-03,1.3958908,1.3406812,1.4511003
2019-04,1.1804395,1.1258008,1.2350781
2019-05,0.97537446,0.92418283,1.026566
2019-06,1.1213971,1.07503,1.1677644
2019-07,1.0511001,1.0098906,1.0923097
2019-08,1.1487134,1.1087334,1.1886933
2019-09,1.1987572,1.1585513,1.2389631
2019-10,1.269105,1.2219605,1.3162494
2019-11,1.10838,1.0562334,1.1605265
2019-12,1.2969561,1.2411224,1.3527899
2020-01,1.4337738,1.368977,1.4985706
2020-02,1.5958972,1.5288,1.6629944
2020-03,1.5332204,1.4776424,1.5887984
2020-04,1.3384523,1.2856426,1.3912619
2020-05,1.2156622,1.162973,1.2683516
2020-06,1.1098021,1.0603687,1.1592356
2020-07,1.093349,1.0441612,1.1425368
2020-08,1.1037216,1.0613027,1.1461407
2020-09,1.1662729,1.1186438,1.213902
2020-10,1.1677216,1.1210806,1.2143625
2020-11,1.4490956,1.3900979,1.5080934
2020-12,1.1017503,1.0412718,1.1622286
2021-01,1.1269088,1.0644029,1.1894147
2021-02,0.86434233,0.80101967,0.927665
2021-03,1.0232935,0.96553236,1.0810546
2021-04,1.1502954,1.1007255,1.1998652
2021-05,1.0402627,0.99335486,1.0871705
2021-06,1.1113294,1.065348,1.1573108
2021-07,1.0744511,1.0277162,1.121186
2021-08,1.0103501,0.96291935,1.0577809
2021-09,1.0694011,1.0225656,1.1162366
